# Blender 5.0.1
# www.blender.org
mtllib door.mtl
o Door_main
v -0.010927 0.290430 0.011054
v 0.000328 0.301056 0.011054
v -0.003334 0.299957 0.011054
v -0.006479 0.298209 0.011054
v -0.008892 0.295931 0.011054
v -0.010409 0.293278 0.011054
v -0.010635 0.290430 0.008898
v 0.000403 0.301056 0.010496
v -0.003189 0.299957 0.009976
v -0.006273 0.298209 0.009529
v -0.008640 0.295931 0.009186
v -0.010127 0.293278 0.008971
v -0.009771 0.290430 0.006824
v 0.000627 0.301056 0.009959
v -0.002757 0.299957 0.008939
v -0.005662 0.298209 0.008063
v -0.007891 0.295931 0.007391
v -0.009293 0.293278 0.006968
v -0.008368 0.290430 0.004913
v 0.000990 0.301056 0.009465
v -0.002055 0.299957 0.007983
v -0.004670 0.298209 0.006711
v -0.006676 0.295931 0.005736
v -0.007937 0.293278 0.005122
v -0.006479 0.290430 0.003238
v 0.001479 0.301056 0.009031
v -0.001111 0.299957 0.007146
v -0.003334 0.298209 0.005527
v -0.005041 0.295931 0.004285
v -0.006113 0.293278 0.003504
v -0.004178 0.290430 0.001863
v 0.002074 0.301056 0.008675
v 0.000040 0.299957 0.006458
v -0.001707 0.298209 0.004555
v -0.003048 0.295931 0.003094
v -0.003891 0.293278 0.002176
v -0.001553 0.290430 0.000841
v 0.002754 0.301056 0.008411
v 0.001352 0.299957 0.005948
v 0.000149 0.298209 0.003833
v -0.000775 0.295931 0.002210
v -0.001355 0.293278 0.001189
v 0.001295 0.290430 0.000212
v 0.003491 0.301056 0.008248
v 0.002777 0.299957 0.005633
v 0.002163 0.298209 0.003388
v 0.001692 0.295931 0.001665
v 0.001396 0.293278 0.000582
v 0.004258 0.290430 -0.000000
v 0.004258 0.301056 0.008193
v 0.004258 0.299957 0.005527
v 0.004258 0.298209 0.003238
v 0.004258 0.295931 0.001481
v 0.004258 0.293278 0.000377
v 0.007220 0.290430 0.000212
v 0.005024 0.301056 0.008248
v 0.005739 0.299957 0.005633
v 0.006352 0.298209 0.003388
v 0.006823 0.295931 0.001665
v 0.007119 0.293278 0.000582
v 0.010068 0.290430 0.000841
v 0.005762 0.301056 0.008411
v 0.007163 0.299957 0.005948
v 0.008366 0.298209 0.003833
v 0.009290 0.295931 0.002210
v 0.009870 0.293278 0.001189
v 0.012694 0.290430 0.001863
v 0.006441 0.301056 0.008675
v 0.008476 0.299957 0.006458
v 0.010223 0.298209 0.004555
v 0.011563 0.295931 0.003094
v 0.012406 0.293278 0.002176
v 0.014995 0.290430 0.003238
v 0.007037 0.301056 0.009031
v 0.009626 0.299957 0.007146
v 0.011850 0.298209 0.005527
v 0.013556 0.295931 0.004285
v 0.014629 0.293278 0.003504
v 0.016883 0.290430 0.004913
v 0.007525 0.301056 0.009465
v 0.010570 0.299957 0.007983
v 0.013185 0.298209 0.006711
v 0.015191 0.295931 0.005736
v 0.016453 0.293278 0.005122
v 0.018286 0.290430 0.006824
v 0.007889 0.301056 0.009959
v 0.011272 0.299957 0.008939
v 0.014177 0.298209 0.008063
v 0.016407 0.295931 0.007391
v 0.017808 0.293278 0.006968
v 0.019150 0.290430 0.008898
v 0.008112 0.301056 0.010496
v 0.011704 0.299957 0.009976
v 0.014788 0.298209 0.009529
v 0.017155 0.295931 0.009186
v 0.018643 0.293278 0.008971
v 0.019442 0.290430 0.011054
v 0.008188 0.301056 0.011054
v 0.011850 0.299957 0.011054
v 0.014995 0.298209 0.011054
v 0.017408 0.295931 0.011054
v 0.018924 0.293278 0.011054
v 0.004258 0.301431 0.011054
v 0.019150 0.290430 0.013211
v 0.008112 0.301056 0.011612
v 0.011704 0.299957 0.012132
v 0.014788 0.298209 0.012579
v 0.017155 0.295931 0.012922
v 0.018643 0.293278 0.013137
v 0.018286 0.290430 0.015284
v 0.007889 0.301056 0.012149
v 0.011272 0.299957 0.013169
v 0.014177 0.298209 0.014045
v 0.016407 0.295931 0.014718
v 0.017808 0.293278 0.015140
v 0.016883 0.290430 0.017195
v 0.007525 0.301056 0.012644
v 0.010570 0.299957 0.014125
v 0.013185 0.298209 0.015397
v 0.015191 0.295931 0.016373
v 0.016453 0.293278 0.016986
v 0.014995 0.290430 0.018870
v 0.007037 0.301056 0.013077
v 0.009626 0.299957 0.014962
v 0.011850 0.298209 0.016581
v 0.013556 0.295931 0.017823
v 0.014629 0.293278 0.018604
v 0.012694 0.290430 0.020245
v 0.006441 0.301056 0.013433
v 0.008476 0.299957 0.015650
v 0.010223 0.298209 0.017553
v 0.011563 0.295931 0.019014
v 0.012406 0.293278 0.019932
v 0.010068 0.290430 0.021267
v 0.005762 0.301056 0.013697
v 0.007163 0.299957 0.016160
v 0.008366 0.298209 0.018275
v 0.009290 0.295931 0.019898
v 0.009870 0.293278 0.020919
v 0.007220 0.290430 0.021896
v 0.005024 0.301056 0.013860
v 0.005739 0.299957 0.016475
v 0.006352 0.298209 0.018720
v 0.006823 0.295931 0.020443
v 0.007119 0.293278 0.021526
v 0.004258 0.290430 0.022108
v 0.004258 0.301056 0.013915
v 0.004258 0.299957 0.016581
v 0.004258 0.298209 0.018870
v 0.004258 0.295931 0.020627
v 0.004258 0.293278 0.021731
v 0.001295 0.290430 0.021896
v 0.003491 0.301056 0.013860
v 0.002777 0.299957 0.016475
v 0.002163 0.298209 0.018720
v 0.001692 0.295931 0.020443
v 0.001396 0.293278 0.021526
v -0.001553 0.290430 0.021267
v 0.002754 0.301056 0.013697
v 0.001352 0.299957 0.016160
v 0.000149 0.298209 0.018275
v -0.000775 0.295931 0.019898
v -0.001355 0.293278 0.020919
v -0.004178 0.290430 0.020245
v 0.002074 0.301056 0.013433
v 0.000040 0.299957 0.015650
v -0.001707 0.298209 0.017553
v -0.003048 0.295931 0.019014
v -0.003891 0.293278 0.019932
v -0.006479 0.290430 0.018870
v 0.001479 0.301056 0.013077
v -0.001111 0.299957 0.014962
v -0.003334 0.298209 0.016581
v -0.005041 0.295931 0.017823
v -0.006113 0.293278 0.018604
v -0.008368 0.290430 0.017195
v 0.000990 0.301056 0.012644
v -0.002055 0.299957 0.014125
v -0.004670 0.298209 0.015397
v -0.006676 0.295931 0.016373
v -0.007937 0.293278 0.016986
v -0.009771 0.290430 0.015284
v 0.000627 0.301056 0.012149
v -0.002757 0.299957 0.013169
v -0.005662 0.298209 0.014045
v -0.007891 0.295931 0.014718
v -0.009293 0.293278 0.015140
v -0.010635 0.290430 0.013211
v 0.000403 0.301056 0.011612
v -0.003189 0.299957 0.012132
v -0.006273 0.298209 0.012579
v -0.008640 0.295931 0.012922
v -0.010127 0.293278 0.013137
v -1.402097 2.496595 0.023553
v -0.043279 2.496595 0.023553
v -0.010927 2.433742 0.011054
v 0.000328 2.444368 0.011054
v -0.003334 2.443269 0.011054
v -0.006479 2.441521 0.011054
v -0.008892 2.439243 0.011054
v -0.010409 2.436590 0.011054
v -0.010635 2.433742 0.008898
v 0.000403 2.444368 0.010496
v -0.003189 2.443269 0.009976
v -0.006273 2.441521 0.009529
v -0.008640 2.439243 0.009186
v -0.010127 2.436590 0.008971
v -0.009771 2.433742 0.006824
v 0.000627 2.444368 0.009959
v -0.002757 2.443269 0.008939
v -0.005662 2.441521 0.008063
v -0.007891 2.439243 0.007391
v -0.009293 2.436590 0.006968
v -0.008368 2.433742 0.004913
v 0.000990 2.444368 0.009465
v -0.002055 2.443269 0.007983
v -0.004670 2.441521 0.006711
v -0.006676 2.439243 0.005736
v -0.007937 2.436590 0.005122
v -0.006479 2.433742 0.003238
v 0.001479 2.444368 0.009031
v -0.001111 2.443269 0.007146
v -0.003334 2.441521 0.005527
v -0.005041 2.439243 0.004285
v -0.006113 2.436590 0.003504
v -0.004178 2.433742 0.001863
v 0.002074 2.444368 0.008675
v 0.000040 2.443269 0.006458
v -0.001707 2.441521 0.004555
v -0.003048 2.439243 0.003094
v -0.003891 2.436590 0.002176
v -0.001553 2.433742 0.000841
v 0.002754 2.444368 0.008411
v 0.001352 2.443269 0.005948
v 0.000149 2.441521 0.003833
v -0.000775 2.439243 0.002210
v -0.001355 2.436590 0.001189
v 0.001295 2.433742 0.000212
v 0.003491 2.444368 0.008248
v 0.002777 2.443269 0.005633
v 0.002163 2.441521 0.003388
v 0.001692 2.439243 0.001665
v 0.001396 2.436590 0.000582
v 0.004258 2.433742 -0.000000
v 0.004258 2.444368 0.008193
v 0.004258 2.443269 0.005527
v 0.004258 2.441521 0.003238
v 0.004258 2.439243 0.001481
v 0.004258 2.436590 0.000377
v 0.007220 2.433742 0.000212
v 0.005024 2.444368 0.008248
v 0.005739 2.443269 0.005633
v 0.006352 2.441521 0.003388
v 0.006823 2.439243 0.001665
v 0.007119 2.436590 0.000582
v 0.010068 2.433742 0.000841
v 0.005762 2.444368 0.008411
v 0.007163 2.443269 0.005948
v 0.008366 2.441521 0.003833
v 0.009290 2.439243 0.002210
v 0.009870 2.436590 0.001189
v 0.012694 2.433742 0.001863
v 0.006441 2.444368 0.008675
v 0.008476 2.443269 0.006458
v 0.010223 2.441521 0.004555
v 0.011563 2.439243 0.003094
v 0.012406 2.436590 0.002176
v 0.014995 2.433742 0.003238
v 0.007037 2.444368 0.009031
v 0.009626 2.443269 0.007146
v 0.011850 2.441521 0.005527
v 0.013556 2.439243 0.004285
v 0.014629 2.436590 0.003504
v 0.016883 2.433742 0.004913
v 0.007525 2.444368 0.009465
v 0.010570 2.443269 0.007983
v 0.013185 2.441521 0.006711
v 0.015191 2.439243 0.005736
v 0.016453 2.436590 0.005122
v 0.018286 2.433742 0.006824
v 0.007889 2.444368 0.009959
v 0.011272 2.443269 0.008939
v 0.014177 2.441521 0.008063
v 0.016407 2.439243 0.007391
v 0.017808 2.436590 0.006968
v 0.019150 2.433742 0.008898
v 0.008112 2.444368 0.010496
v 0.011704 2.443269 0.009976
v 0.014788 2.441521 0.009529
v 0.017155 2.439243 0.009186
v 0.018643 2.436590 0.008971
v 0.019442 2.433742 0.011054
v 0.008188 2.444368 0.011054
v 0.011850 2.443269 0.011054
v 0.014995 2.441521 0.011054
v 0.017408 2.439243 0.011054
v 0.018924 2.436590 0.011054
v 0.004258 2.444743 0.011054
v 0.019150 2.433742 0.013211
v 0.008112 2.444368 0.011612
v 0.011704 2.443269 0.012132
v 0.014788 2.441521 0.012579
v 0.017155 2.439243 0.012922
v 0.018643 2.436590 0.013137
v 0.018286 2.433742 0.015284
v 0.007889 2.444368 0.012149
v 0.011272 2.443269 0.013169
v 0.014177 2.441521 0.014045
v 0.016407 2.439243 0.014718
v 0.017808 2.436590 0.015140
v 0.016883 2.433742 0.017195
v 0.007525 2.444368 0.012644
v 0.010570 2.443269 0.014125
v 0.013185 2.441521 0.015397
v 0.015191 2.439243 0.016373
v 0.016453 2.436590 0.016986
v 0.014995 2.433742 0.018870
v 0.007037 2.444368 0.013077
v 0.009626 2.443269 0.014962
v 0.011850 2.441521 0.016581
v 0.013556 2.439243 0.017823
v 0.014629 2.436590 0.018604
v 0.012694 2.433742 0.020245
v 0.006441 2.444368 0.013433
v 0.008476 2.443269 0.015650
v 0.010223 2.441521 0.017553
v 0.011563 2.439243 0.019014
v 0.012406 2.436590 0.019932
v 0.010068 2.433742 0.021267
v 0.005762 2.444368 0.013697
v 0.007163 2.443269 0.016160
v 0.008366 2.441521 0.018275
v 0.009290 2.439243 0.019898
v 0.009870 2.436590 0.020919
v 0.007220 2.433742 0.021896
v 0.005024 2.444368 0.013860
v 0.005739 2.443269 0.016475
v 0.006352 2.441521 0.018720
v 0.006823 2.439243 0.020443
v 0.007119 2.436590 0.021526
v 0.004258 2.433742 0.022108
v 0.004258 2.444368 0.013915
v 0.004258 2.443269 0.016581
v 0.004258 2.441521 0.018870
v 0.004258 2.439243 0.020627
v 0.004258 2.436590 0.021731
v 0.001295 2.433742 0.021896
v 0.003491 2.444368 0.013860
v 0.002777 2.443269 0.016475
v 0.002163 2.441521 0.018720
v 0.001692 2.439243 0.020443
v 0.001396 2.436590 0.021526
v -0.001553 2.433742 0.021267
v 0.002754 2.444368 0.013697
v 0.001352 2.443269 0.016160
v 0.000149 2.441521 0.018275
v -0.000775 2.439243 0.019898
v -0.001355 2.436590 0.020919
v -0.004178 2.433742 0.020245
v 0.002074 2.444368 0.013433
v 0.000040 2.443269 0.015650
v -0.001707 2.441521 0.017553
v -0.003048 2.439243 0.019014
v -0.003891 2.436590 0.019932
v -0.006479 2.433742 0.018870
v 0.001479 2.444368 0.013077
v -0.001111 2.443269 0.014962
v -0.003334 2.441521 0.016581
v -0.005041 2.439243 0.017823
v -0.006113 2.436590 0.018604
v -0.008368 2.433742 0.017195
v 0.000990 2.444368 0.012644
v -0.002055 2.443269 0.014125
v -0.004670 2.441521 0.015397
v -0.006676 2.439243 0.016373
v -0.007937 2.436590 0.016986
v -0.009771 2.433742 0.015284
v 0.000627 2.444368 0.012149
v -0.002757 2.443269 0.013169
v -0.005662 2.441521 0.014045
v -0.007891 2.439243 0.014718
v -0.009293 2.436590 0.015140
v -0.010635 2.433742 0.013211
v 0.000403 2.444368 0.011612
v -0.003189 2.443269 0.012132
v -0.006273 2.441521 0.012579
v -0.008640 2.439243 0.012922
v -0.010127 2.436590 0.013137
v -0.010927 1.362086 0.011054
v 0.000328 1.372712 0.011054
v -0.003334 1.371613 0.011054
v -0.006479 1.369865 0.011054
v -0.008892 1.367587 0.011054
v -0.010409 1.364934 0.011054
v -0.010635 1.362086 0.008898
v 0.000403 1.372712 0.010496
v -0.003189 1.371613 0.009976
v -0.006273 1.369865 0.009529
v -0.008640 1.367587 0.009186
v -0.010127 1.364934 0.008971
v -0.009771 1.362086 0.006824
v 0.000627 1.372712 0.009959
v -0.002757 1.371613 0.008939
v -0.005662 1.369865 0.008063
v -0.007891 1.367587 0.007391
v -0.009293 1.364934 0.006968
v -0.008368 1.362086 0.004913
v 0.000990 1.372712 0.009465
v -0.002055 1.371613 0.007983
v -0.004670 1.369865 0.006711
v -0.006676 1.367587 0.005736
v -0.007937 1.364934 0.005122
v -0.006479 1.362086 0.003238
v 0.001479 1.372712 0.009031
v -0.001111 1.371613 0.007146
v -0.003334 1.369865 0.005527
v -0.005041 1.367587 0.004285
v -0.006113 1.364934 0.003504
v -0.004178 1.362086 0.001863
v 0.002074 1.372712 0.008675
v 0.000040 1.371613 0.006458
v -0.001707 1.369865 0.004555
v -0.003048 1.367587 0.003094
v -0.003891 1.364934 0.002176
v -0.001553 1.362086 0.000841
v 0.002754 1.372712 0.008411
v 0.001352 1.371613 0.005948
v 0.000149 1.369865 0.003833
v -0.000775 1.367587 0.002210
v -0.001355 1.364934 0.001189
v 0.001295 1.362086 0.000212
v 0.003491 1.372712 0.008248
v 0.002777 1.371613 0.005633
v 0.002163 1.369865 0.003388
v 0.001692 1.367587 0.001665
v 0.001396 1.364934 0.000582
v 0.004258 1.362086 -0.000000
v 0.004258 1.372712 0.008193
v 0.004258 1.371613 0.005527
v 0.004258 1.369865 0.003238
v 0.004258 1.367587 0.001481
v 0.004258 1.364934 0.000377
v 0.007220 1.362086 0.000212
v 0.005024 1.372712 0.008248
v 0.005739 1.371613 0.005633
v 0.006352 1.369865 0.003388
v 0.006823 1.367587 0.001665
v 0.007119 1.364934 0.000582
v 0.010068 1.362086 0.000841
v 0.005762 1.372712 0.008411
v 0.007163 1.371613 0.005948
v 0.008366 1.369865 0.003833
v 0.009290 1.367587 0.002210
v 0.009870 1.364934 0.001189
v 0.012694 1.362086 0.001863
v 0.006441 1.372712 0.008675
v 0.008476 1.371613 0.006458
v 0.010223 1.369865 0.004555
v 0.011563 1.367587 0.003094
v 0.012406 1.364934 0.002176
v 0.014995 1.362086 0.003238
v 0.007037 1.372712 0.009031
v 0.009626 1.371613 0.007146
v 0.011850 1.369865 0.005527
v 0.013556 1.367587 0.004285
v 0.014629 1.364934 0.003504
v 0.016883 1.362086 0.004913
v 0.007525 1.372712 0.009465
v 0.010570 1.371613 0.007983
v 0.013185 1.369865 0.006711
v 0.015191 1.367587 0.005736
v 0.016453 1.364934 0.005122
v 0.018286 1.362086 0.006824
v 0.007889 1.372712 0.009959
v 0.011272 1.371613 0.008939
v 0.014177 1.369865 0.008063
v 0.016407 1.367587 0.007391
v 0.017808 1.364934 0.006968
v 0.019150 1.362086 0.008898
v 0.008112 1.372712 0.010496
v 0.011704 1.371613 0.009976
v 0.014788 1.369865 0.009529
v 0.017155 1.367587 0.009186
v 0.018643 1.364934 0.008971
v 0.019442 1.362086 0.011054
v 0.008188 1.372712 0.011054
v 0.011850 1.371613 0.011054
v 0.014995 1.369865 0.011054
v 0.017408 1.367587 0.011054
v 0.018924 1.364934 0.011054
v 0.004258 1.373087 0.011054
v 0.019150 1.362086 0.013211
v 0.008112 1.372712 0.011612
v 0.011704 1.371613 0.012132
v 0.014788 1.369865 0.012579
v 0.017155 1.367587 0.012922
v 0.018643 1.364934 0.013137
v 0.018286 1.362086 0.015284
v 0.007889 1.372712 0.012149
v 0.011272 1.371613 0.013169
v 0.014177 1.369865 0.014045
v 0.016407 1.367587 0.014718
v 0.017808 1.364934 0.015140
v 0.016883 1.362086 0.017195
v 0.007525 1.372712 0.012644
v 0.010570 1.371613 0.014125
v 0.013185 1.369865 0.015397
v 0.015191 1.367587 0.016373
v 0.016453 1.364934 0.016986
v 0.014995 1.362086 0.018870
v 0.007037 1.372712 0.013077
v 0.009626 1.371613 0.014962
v 0.011850 1.369865 0.016581
v 0.013556 1.367587 0.017823
v 0.014629 1.364934 0.018604
v 0.012694 1.362086 0.020245
v 0.006441 1.372712 0.013433
v 0.008476 1.371613 0.015650
v 0.010223 1.369865 0.017553
v 0.011563 1.367587 0.019014
v 0.012406 1.364934 0.019932
v 0.010068 1.362086 0.021267
v 0.005762 1.372712 0.013697
v 0.007163 1.371613 0.016160
v 0.008366 1.369865 0.018275
v 0.009290 1.367587 0.019898
v 0.009870 1.364934 0.020919
v 0.007220 1.362086 0.021896
v 0.005024 1.372712 0.013860
v 0.005739 1.371613 0.016475
v 0.006352 1.369865 0.018720
v 0.006823 1.367587 0.020443
v 0.007119 1.364934 0.021526
v 0.004258 1.362086 0.022108
v 0.004258 1.372712 0.013915
v 0.004258 1.371613 0.016581
v 0.004258 1.369865 0.018870
v 0.004258 1.367587 0.020627
v 0.004258 1.364934 0.021731
v 0.001295 1.362086 0.021896
v 0.003491 1.372712 0.013860
v 0.002777 1.371613 0.016475
v 0.002163 1.369865 0.018720
v 0.001692 1.367587 0.020443
v 0.001396 1.364934 0.021526
v -0.001553 1.362086 0.021267
v 0.002754 1.372712 0.013697
v 0.001352 1.371613 0.016160
v 0.000149 1.369865 0.018275
v -0.000775 1.367587 0.019898
v -0.001355 1.364934 0.020919
v -0.004178 1.362086 0.020245
v 0.002074 1.372712 0.013433
v 0.000040 1.371613 0.015650
v -0.001707 1.369865 0.017553
v -0.003048 1.367587 0.019014
v -0.003891 1.364934 0.019932
v -0.006479 1.362086 0.018870
v 0.001479 1.372712 0.013077
v -0.001111 1.371613 0.014962
v -0.003334 1.369865 0.016581
v -0.005041 1.367587 0.017823
v -0.006113 1.364934 0.018604
v -0.008368 1.362086 0.017195
v 0.000990 1.372712 0.012644
v -0.002055 1.371613 0.014125
v -0.004670 1.369865 0.015397
v -0.006676 1.367587 0.016373
v -0.007937 1.364934 0.016986
v -0.009771 1.362086 0.015284
v 0.000627 1.372712 0.012149
v -0.002757 1.371613 0.013169
v -0.005662 1.369865 0.014045
v -0.007891 1.367587 0.014718
v -0.009293 1.364934 0.015140
v -0.010635 1.362086 0.013211
v 0.000403 1.372712 0.011612
v -0.003189 1.371613 0.012132
v -0.006273 1.369865 0.012579
v -0.008640 1.367587 0.012922
v -0.010127 1.364934 0.013137
v -0.043279 1.246884 0.023553
v -0.043280 1.177639 0.023553
v -1.402097 1.177639 0.023553
v -1.402097 1.246884 0.023553
v -1.376818 1.229916 -0.007784
v -1.376818 1.194607 -0.007784
v -0.009802 0.221591 0.011054
v -0.010927 0.222406 0.011054
v -0.010364 0.221700 0.011054
v -0.010776 0.221999 0.011054
v -0.010635 0.222406 0.008898
v -0.009532 0.221591 0.009057
v -0.010487 0.221999 0.008919
v -0.010083 0.221700 0.008977
v -0.009771 0.222406 0.006824
v -0.008731 0.221591 0.007137
v -0.009631 0.221999 0.006866
v -0.009251 0.221700 0.006981
v -0.008368 0.222406 0.004913
v -0.007432 0.221591 0.005368
v -0.008242 0.221999 0.004974
v -0.007900 0.221700 0.005140
v -0.006479 0.222406 0.003238
v -0.005684 0.221591 0.003817
v -0.006373 0.221999 0.003315
v -0.006081 0.221700 0.003527
v -0.004178 0.222406 0.001863
v -0.003553 0.221591 0.002544
v -0.004095 0.221999 0.001954
v -0.003866 0.221700 0.002203
v -0.001553 0.222406 0.000841
v -0.001123 0.221591 0.001598
v -0.001495 0.221999 0.000943
v -0.001338 0.221700 0.001220
v 0.001295 0.222406 0.000212
v 0.001515 0.221591 0.001016
v 0.001325 0.221999 0.000320
v 0.001405 0.221700 0.000614
v 0.004258 0.222406 -0.000000
v 0.004258 0.221591 0.000819
v 0.004258 0.221999 0.000110
v 0.004258 0.221700 0.000409
v 0.007220 0.222406 0.000212
v 0.007001 0.221591 0.001016
v 0.007191 0.221999 0.000320
v 0.007110 0.221700 0.000614
v 0.010068 0.222406 0.000841
v 0.009638 0.221591 0.001598
v 0.010011 0.221999 0.000943
v 0.009853 0.221700 0.001220
v 0.012694 0.222406 0.001863
v 0.012069 0.221591 0.002544
v 0.012610 0.221999 0.001954
v 0.012381 0.221700 0.002203
v 0.014995 0.222406 0.003238
v 0.014199 0.221591 0.003817
v 0.014888 0.221999 0.003315
v 0.014597 0.221700 0.003527
v 0.016883 0.222406 0.004913
v 0.015948 0.221591 0.005368
v 0.016758 0.221999 0.004974
v 0.016415 0.221700 0.005140
v 0.018286 0.222406 0.006824
v 0.017247 0.221591 0.007137
v 0.018147 0.221999 0.006866
v 0.017766 0.221700 0.006981
v 0.019150 0.222406 0.008898
v 0.018047 0.221591 0.009057
v 0.019002 0.221999 0.008919
v 0.018598 0.221700 0.008977
v 0.019442 0.222406 0.011054
v 0.018317 0.221591 0.011054
v 0.019291 0.221999 0.011054
v 0.018879 0.221700 0.011054
v 0.019150 0.222406 0.013211
v 0.018047 0.221591 0.013051
v 0.019002 0.221999 0.013189
v 0.018598 0.221700 0.013131
v 0.018286 0.222406 0.015284
v 0.017247 0.221591 0.014971
v 0.018147 0.221999 0.015242
v 0.017766 0.221700 0.015128
v 0.016883 0.222406 0.017195
v 0.015948 0.221591 0.016740
v 0.016758 0.221999 0.017134
v 0.016415 0.221700 0.016968
v 0.014995 0.222406 0.018870
v 0.014199 0.221591 0.018291
v 0.014888 0.221999 0.018793
v 0.014597 0.221700 0.018581
v 0.012694 0.222406 0.020245
v 0.012069 0.221591 0.019564
v 0.012610 0.221999 0.020154
v 0.012381 0.221700 0.019905
v 0.010068 0.222406 0.021267
v 0.009638 0.221591 0.020510
v 0.010011 0.221999 0.021165
v 0.009853 0.221700 0.020888
v 0.007220 0.222406 0.021896
v 0.007001 0.221591 0.021093
v 0.007191 0.221999 0.021788
v 0.007110 0.221700 0.021494
v 0.004258 0.222406 0.022108
v 0.004258 0.221591 0.021289
v 0.004258 0.221999 0.021998
v 0.004258 0.221700 0.021699
v 0.001295 0.222406 0.021896
v 0.001515 0.221591 0.021093
v 0.001325 0.221999 0.021788
v 0.001405 0.221700 0.021494
v -0.001553 0.222406 0.021267
v -0.001123 0.221591 0.020510
v -0.001495 0.221999 0.021165
v -0.001338 0.221700 0.020888
v -0.004178 0.222406 0.020245
v -0.003553 0.221591 0.019564
v -0.004094 0.221999 0.020154
v -0.003866 0.221700 0.019905
v -0.006479 0.222406 0.018870
v -0.005684 0.221591 0.018291
v -0.006373 0.221999 0.018793
v -0.006081 0.221700 0.018581
v -0.008368 0.222406 0.017195
v -0.007432 0.221591 0.016740
v -0.008242 0.221999 0.017134
v -0.007900 0.221700 0.016968
v -0.009771 0.222406 0.015284
v -0.008731 0.221591 0.014971
v -0.009631 0.221999 0.015242
v -0.009251 0.221700 0.015128
v -0.010635 0.222406 0.013211
v -0.009532 0.221591 0.013051
v -0.010487 0.221999 0.013189
v -0.010083 0.221700 0.013131
v -1.400977 0.000815 -0.024731
v -1.400977 0.000000 -0.023916
v -1.402097 0.000815 -0.023916
v -1.400977 0.000408 -0.024622
v -1.401536 0.000815 -0.024622
v -1.401512 0.000425 -0.024516
v -1.401536 0.000109 -0.023916
v -1.400977 0.000109 -0.024322
v -1.401512 0.000215 -0.024305
v -1.401947 0.000815 -0.024322
v -1.401947 0.000408 -0.023916
v -1.401802 0.000425 -0.024305
v -0.044399 0.000815 -0.024730
v -0.043280 0.000815 -0.023915
v -0.044399 0.000000 -0.023915
v -0.043840 0.000815 -0.024622
v -0.044399 0.000408 -0.024622
v -0.043864 0.000425 -0.024516
v -0.043429 0.000408 -0.023915
v -0.043429 0.000815 -0.024322
v -0.043575 0.000425 -0.024305
v -0.044399 0.000109 -0.024322
v -0.043840 0.000109 -0.023915
v -0.043864 0.000215 -0.024305
v -0.044399 2.495780 -0.024730
v -0.044399 2.496595 -0.023915
v -0.043279 2.495780 -0.023915
v -0.044399 2.496186 -0.024622
v -0.043840 2.495779 -0.024622
v -0.043863 2.496169 -0.024516
v -0.043840 2.496485 -0.023915
v -0.044399 2.496485 -0.024322
v -0.043863 2.496379 -0.024305
v -0.043429 2.495779 -0.024322
v -0.043429 2.496186 -0.023915
v -0.043574 2.496169 -0.024305
v -1.400977 2.495780 -0.024731
v -1.402097 2.495780 -0.023916
v -1.400977 2.496595 -0.023916
v -1.401536 2.495780 -0.024622
v -1.400977 2.496186 -0.024622
v -1.401512 2.496169 -0.024516
v -1.401947 2.496186 -0.023916
v -1.401947 2.495780 -0.024323
v -1.401802 2.496169 -0.024305
v -1.400977 2.496486 -0.024323
v -1.401536 2.496486 -0.023916
v -1.401512 2.496380 -0.024305
v -1.402097 0.000815 -0.000815
v -1.400977 0.000000 0.000815
v -1.403216 0.000815 -0.000000
v -1.401932 0.000417 -0.000297
v -1.402263 0.000815 -0.000415
v -1.402097 0.000429 -0.000136
v -1.401688 0.000120 0.000417
v -1.401524 0.000120 0.000297
v -1.401909 0.000210 0.000137
v -1.402667 0.000815 -0.000121
v -1.402505 0.000417 0.000120
v -1.402284 0.000429 -0.000001
v -0.043280 0.000815 -0.000815
v -0.042160 0.000815 0.000000
v -0.044399 0.000000 0.000815
v -0.043114 0.000815 -0.000415
v -0.043444 0.000417 -0.000297
v -0.043279 0.000429 -0.000136
v -0.042872 0.000417 0.000120
v -0.042710 0.000815 -0.000121
v -0.043093 0.000429 -0.000001
v -0.043852 0.000120 0.000297
v -0.043688 0.000120 0.000417
v -0.043468 0.000210 0.000137
v -0.042160 2.497410 -0.000000
v -0.043279 2.495780 -0.000815
v -0.044399 2.496595 -0.000815
v -0.042707 2.496891 -0.000120
v -0.042871 2.497011 -0.000120
v -0.043091 2.496731 -0.000210
v -0.043445 2.496180 -0.000815
v -0.043115 2.496298 -0.000417
v -0.043280 2.496458 -0.000429
v -0.043687 2.496714 -0.000417
v -0.043849 2.496473 -0.000815
v -0.043466 2.496594 -0.000429
v -1.400977 2.496595 -0.000815
v -1.402097 2.495780 -0.000815
v -1.403216 2.497410 -0.000000
v -1.401526 2.496473 -0.000815
v -1.401689 2.496715 -0.000417
v -1.401910 2.496594 -0.000429
v -1.402261 2.496298 -0.000417
v -1.401930 2.496179 -0.000815
v -1.402096 2.496459 -0.000429
v -1.402505 2.497011 -0.000120
v -1.402669 2.496891 -0.000120
v -1.402284 2.496731 -0.000210
v -0.043280 0.000000 0.022738
v -0.043280 0.000815 0.023553
v -0.043280 0.000109 0.023145
v -0.043280 0.000407 0.023444
v -1.402097 0.000815 0.023553
v -1.402097 0.000000 0.022738
v -1.402097 0.000407 0.023444
v -1.402097 0.000109 0.023145
v -1.434449 0.000815 0.000815
v -1.433330 0.000815 -0.000000
v -1.433330 0.000000 0.000815
v -1.434300 0.000815 0.000408
v -1.434300 0.000408 0.000815
v -1.434155 0.000425 0.000425
v -1.433330 0.000408 0.000109
v -1.433889 0.000815 0.000109
v -1.433865 0.000425 0.000215
v -1.433889 0.000109 0.000815
v -1.433330 0.000109 0.000408
v -1.433865 0.000215 0.000425
v -1.433330 2.496595 -0.000000
v -1.434449 2.496595 0.000815
v -1.433890 2.496595 0.000109
v -1.434299 2.496595 0.000407
v -1.434449 0.000815 0.022738
v -1.433330 0.000000 0.022738
v -1.433330 0.000815 0.023553
v -1.434300 0.000408 0.022738
v -1.434300 0.000815 0.023145
v -1.434155 0.000425 0.023127
v -1.433330 0.000109 0.023145
v -1.433889 0.000109 0.022738
v -1.433865 0.000215 0.023127
v -1.433889 0.000815 0.023444
v -1.433330 0.000408 0.023444
v -1.433865 0.000425 0.023338
v -1.434449 2.496595 0.022738
v -1.433330 2.496595 0.023553
v -1.434299 2.496595 0.023145
v -1.433890 2.496595 0.023444
v -1.402097 2.519332 -0.000000
v -1.402097 2.520147 0.000815
v -1.402097 2.519740 0.000109
v -1.402097 2.520038 0.000407
v -0.043279 2.519332 -0.000000
v -0.043279 2.520147 0.000815
v -0.043279 2.519740 0.000109
v -0.043279 2.520038 0.000407
v -1.402097 2.520147 0.022738
v -1.402097 2.519332 0.023553
v -1.402097 2.520038 0.023145
v -1.402097 2.519740 0.023444
v -0.043279 2.519332 0.023553
v -0.043279 2.520147 0.022738
v -0.043279 2.519740 0.023444
v -0.043279 2.520038 0.023145
v -1.433330 2.519332 -0.000000
v -1.434449 2.519332 0.000815
v -1.433330 2.520147 0.000815
v -1.433889 2.519332 0.000109
v -1.433330 2.519739 0.000109
v -1.433865 2.519722 0.000215
v -1.434300 2.519739 0.000815
v -1.434300 2.519332 0.000408
v -1.434154 2.519722 0.000425
v -1.433330 2.520038 0.000408
v -1.433889 2.520038 0.000815
v -1.433865 2.519933 0.000425
v -1.434449 2.519332 0.022738
v -1.433330 2.519332 0.023553
v -1.433330 2.520147 0.022738
v -1.434300 2.519332 0.023145
v -1.434300 2.519739 0.022738
v -1.434154 2.519722 0.023127
v -1.433330 2.519739 0.023444
v -1.433889 2.519332 0.023444
v -1.433865 2.519722 0.023338
v -1.433889 2.520038 0.022738
v -1.433330 2.520038 0.023145
v -1.433865 2.519933 0.023127
v -0.010927 2.496595 0.000815
v -0.012046 2.496595 -0.000000
v -0.011077 2.496595 0.000407
v -0.011486 2.496595 0.000109
v -0.010927 0.000815 0.000815
v -0.012046 0.000000 0.000815
v -0.012046 0.000815 0.000000
v -0.011076 0.000408 0.000815
v -0.011076 0.000815 0.000408
v -0.011222 0.000425 0.000425
v -0.012046 0.000109 0.000408
v -0.011487 0.000109 0.000815
v -0.011511 0.000215 0.000425
v -0.011487 0.000815 0.000109
v -0.012046 0.000408 0.000109
v -0.011511 0.000425 0.000215
v -0.012046 2.496595 0.023553
v -0.010927 2.496595 0.022738
v -0.011486 2.496595 0.023444
v -0.011077 2.496595 0.023145
v -0.010927 0.000815 0.022738
v -0.012046 0.000815 0.023553
v -0.012046 0.000000 0.022738
v -0.011076 0.000815 0.023145
v -0.011076 0.000408 0.022738
v -0.011222 0.000425 0.023128
v -0.012046 0.000408 0.023444
v -0.011487 0.000815 0.023444
v -0.011511 0.000425 0.023338
v -0.011487 0.000109 0.022738
v -0.012046 0.000109 0.023145
v -0.011511 0.000215 0.023128
v -0.012046 2.520147 0.022738
v -0.012046 2.519332 0.023553
v -0.010927 2.519332 0.022738
v -0.012046 2.520038 0.023145
v -0.011487 2.520038 0.022738
v -0.011511 2.519933 0.023128
v -0.011487 2.519332 0.023444
v -0.012046 2.519739 0.023444
v -0.011511 2.519722 0.023338
v -0.011076 2.519739 0.022738
v -0.011076 2.519332 0.023145
v -0.011221 2.519722 0.023128
v -0.012046 2.519332 -0.000000
v -0.012046 2.520147 0.000815
v -0.010927 2.519332 0.000815
v -0.012046 2.519739 0.000109
v -0.011487 2.519332 0.000109
v -0.011511 2.519722 0.000215
v -0.011487 2.520038 0.000815
v -0.012046 2.520038 0.000408
v -0.011511 2.519933 0.000425
v -0.011076 2.519332 0.000408
v -0.011076 2.519739 0.000815
v -0.011221 2.519722 0.000425
v -0.009802 2.364903 0.011054
v -0.010927 2.365719 0.011054
v -0.010364 2.365013 0.011054
v -0.010776 2.365311 0.011054
v -0.010635 2.365719 0.008898
v -0.009532 2.364903 0.009057
v -0.010487 2.365311 0.008919
v -0.010083 2.365013 0.008977
v -0.009771 2.365719 0.006824
v -0.008731 2.364903 0.007137
v -0.009631 2.365311 0.006866
v -0.009251 2.365013 0.006981
v -0.008368 2.365719 0.004913
v -0.007432 2.364903 0.005368
v -0.008242 2.365311 0.004974
v -0.007900 2.365013 0.005140
v -0.006479 2.365719 0.003238
v -0.005684 2.364903 0.003817
v -0.006373 2.365311 0.003315
v -0.006081 2.365013 0.003527
v -0.004178 2.365719 0.001863
v -0.003553 2.364903 0.002544
v -0.004095 2.365311 0.001954
v -0.003866 2.365013 0.002203
v -0.001553 2.365719 0.000841
v -0.001123 2.364903 0.001598
v -0.001495 2.365311 0.000943
v -0.001338 2.365013 0.001220
v 0.001295 2.365719 0.000212
v 0.001515 2.364903 0.001016
v 0.001325 2.365311 0.000320
v 0.001405 2.365013 0.000614
v 0.004258 2.365719 -0.000000
v 0.004258 2.364903 0.000819
v 0.004258 2.365311 0.000110
v 0.004258 2.365013 0.000409
v 0.007220 2.365719 0.000212
v 0.007001 2.364903 0.001016
v 0.007191 2.365311 0.000320
v 0.007110 2.365013 0.000614
v 0.010068 2.365719 0.000841
v 0.009638 2.364903 0.001598
v 0.010011 2.365311 0.000943
v 0.009853 2.365013 0.001220
v 0.012694 2.365719 0.001863
v 0.012069 2.364903 0.002544
v 0.012610 2.365311 0.001954
v 0.012381 2.365013 0.002203
v 0.014995 2.365719 0.003238
v 0.014199 2.364903 0.003817
v 0.014888 2.365311 0.003315
v 0.014597 2.365013 0.003527
v 0.016883 2.365719 0.004913
v 0.015948 2.364903 0.005368
v 0.016758 2.365311 0.004974
v 0.016415 2.365013 0.005140
v 0.018286 2.365719 0.006824
v 0.017247 2.364903 0.007137
v 0.018147 2.365311 0.006866
v 0.017766 2.365013 0.006981
v 0.019150 2.365719 0.008898
v 0.018047 2.364903 0.009057
v 0.019002 2.365311 0.008919
v 0.018598 2.365013 0.008977
v 0.019442 2.365719 0.011054
v 0.018317 2.364903 0.011054
v 0.019291 2.365311 0.011054
v 0.018879 2.365013 0.011054
v 0.019150 2.365719 0.013211
v 0.018047 2.364903 0.013051
v 0.019002 2.365311 0.013189
v 0.018598 2.365013 0.013131
v 0.018286 2.365719 0.015284
v 0.017247 2.364903 0.014971
v 0.018147 2.365311 0.015242
v 0.017766 2.365013 0.015128
v 0.016883 2.365719 0.017195
v 0.015948 2.364903 0.016740
v 0.016758 2.365311 0.017134
v 0.016415 2.365013 0.016968
v 0.014995 2.365719 0.018870
v 0.014199 2.364903 0.018291
v 0.014888 2.365311 0.018793
v 0.014597 2.365013 0.018581
v 0.012694 2.365719 0.020245
v 0.012069 2.364903 0.019564
v 0.012610 2.365311 0.020154
v 0.012381 2.365013 0.019905
v 0.010068 2.365719 0.021267
v 0.009638 2.364903 0.020510
v 0.010011 2.365311 0.021165
v 0.009853 2.365013 0.020888
v 0.007220 2.365719 0.021896
v 0.007001 2.364903 0.021093
v 0.007191 2.365311 0.021788
v 0.007110 2.365013 0.021494
v 0.004258 2.365719 0.022108
v 0.004258 2.364903 0.021289
v 0.004258 2.365311 0.021998
v 0.004258 2.365013 0.021699
v 0.001295 2.365719 0.021896
v 0.001515 2.364903 0.021093
v 0.001325 2.365311 0.021788
v 0.001405 2.365013 0.021494
v -0.001553 2.365719 0.021267
v -0.001123 2.364903 0.020510
v -0.001495 2.365311 0.021165
v -0.001338 2.365013 0.020888
v -0.004178 2.365719 0.020245
v -0.003553 2.364903 0.019564
v -0.004094 2.365311 0.020154
v -0.003866 2.365013 0.019905
v -0.006479 2.365719 0.018870
v -0.005684 2.364903 0.018291
v -0.006373 2.365311 0.018793
v -0.006081 2.365013 0.018581
v -0.008368 2.365719 0.017195
v -0.007432 2.364903 0.016740
v -0.008242 2.365311 0.017134
v -0.007900 2.365013 0.016968
v -0.009771 2.365719 0.015284
v -0.008731 2.364903 0.014971
v -0.009631 2.365311 0.015242
v -0.009251 2.365013 0.015128
v -0.010635 2.365719 0.013211
v -0.009532 2.364903 0.013051
v -0.010487 2.365311 0.013189
v -0.010083 2.365013 0.013131
v -0.009802 1.293247 0.011054
v -0.010927 1.294062 0.011054
v -0.010364 1.293357 0.011054
v -0.010776 1.293655 0.011054
v -0.010635 1.294062 0.008898
v -0.009532 1.293247 0.009057
v -0.010487 1.293655 0.008919
v -0.010083 1.293357 0.008977
v -0.009771 1.294062 0.006824
v -0.008731 1.293247 0.007137
v -0.009631 1.293655 0.006866
v -0.009251 1.293357 0.006981
v -0.008368 1.294062 0.004913
v -0.007432 1.293247 0.005368
v -0.008242 1.293655 0.004974
v -0.007900 1.293357 0.005140
v -0.006479 1.294062 0.003238
v -0.005684 1.293247 0.003817
v -0.006373 1.293655 0.003315
v -0.006081 1.293357 0.003527
v -0.004178 1.294062 0.001863
v -0.003553 1.293247 0.002544
v -0.004094 1.293655 0.001954
v -0.003866 1.293357 0.002203
v -0.001553 1.294062 0.000841
v -0.001123 1.293247 0.001598
v -0.001495 1.293655 0.000943
v -0.001338 1.293357 0.001220
v 0.001295 1.294062 0.000212
v 0.001515 1.293247 0.001016
v 0.001325 1.293655 0.000320
v 0.001405 1.293357 0.000614
v 0.004258 1.294062 -0.000000
v 0.004258 1.293247 0.000819
v 0.004258 1.293655 0.000110
v 0.004258 1.293357 0.000409
v 0.007220 1.294062 0.000212
v 0.007001 1.293247 0.001016
v 0.007191 1.293655 0.000320
v 0.007110 1.293357 0.000614
v 0.010068 1.294062 0.000841
v 0.009638 1.293247 0.001598
v 0.010011 1.293655 0.000943
v 0.009853 1.293357 0.001220
v 0.012694 1.294062 0.001863
v 0.012069 1.293247 0.002544
v 0.012610 1.293655 0.001954
v 0.012381 1.293357 0.002203
v 0.014995 1.294062 0.003238
v 0.014199 1.293247 0.003817
v 0.014888 1.293655 0.003315
v 0.014597 1.293357 0.003527
v 0.016883 1.294062 0.004913
v 0.015948 1.293247 0.005368
v 0.016758 1.293655 0.004974
v 0.016415 1.293357 0.005140
v 0.018286 1.294062 0.006824
v 0.017247 1.293247 0.007137
v 0.018147 1.293655 0.006866
v 0.017766 1.293357 0.006981
v 0.019150 1.294062 0.008898
v 0.018047 1.293247 0.009057
v 0.019002 1.293655 0.008919
v 0.018598 1.293357 0.008977
v 0.019442 1.294062 0.011054
v 0.018317 1.293247 0.011054
v 0.019291 1.293655 0.011054
v 0.018879 1.293357 0.011054
v 0.019150 1.294062 0.013211
v 0.018047 1.293247 0.013051
v 0.019002 1.293655 0.013189
v 0.018598 1.293357 0.013131
v 0.018286 1.294062 0.015284
v 0.017247 1.293247 0.014971
v 0.018147 1.293655 0.015242
v 0.017766 1.293357 0.015128
v 0.016883 1.294062 0.017195
v 0.015948 1.293247 0.016740
v 0.016758 1.293655 0.017134
v 0.016415 1.293357 0.016968
v 0.014995 1.294062 0.018870
v 0.014199 1.293247 0.018291
v 0.014888 1.293655 0.018793
v 0.014597 1.293357 0.018581
v 0.012694 1.294062 0.020245
v 0.012069 1.293247 0.019564
v 0.012610 1.293655 0.020154
v 0.012381 1.293357 0.019905
v 0.010068 1.294062 0.021267
v 0.009638 1.293247 0.020510
v 0.010011 1.293655 0.021165
v 0.009853 1.293357 0.020888
v 0.007220 1.294062 0.021896
v 0.007001 1.293247 0.021093
v 0.007191 1.293655 0.021788
v 0.007110 1.293357 0.021494
v 0.004258 1.294062 0.022108
v 0.004258 1.293247 0.021289
v 0.004258 1.293655 0.021998
v 0.004258 1.293357 0.021699
v 0.001295 1.294062 0.021896
v 0.001515 1.293247 0.021093
v 0.001325 1.293655 0.021788
v 0.001405 1.293357 0.021494
v -0.001553 1.294062 0.021267
v -0.001123 1.293247 0.020510
v -0.001495 1.293655 0.021165
v -0.001338 1.293357 0.020888
v -0.004178 1.294062 0.020245
v -0.003553 1.293247 0.019564
v -0.004094 1.293655 0.020154
v -0.003866 1.293357 0.019905
v -0.006479 1.294062 0.018870
v -0.005684 1.293247 0.018291
v -0.006373 1.293655 0.018793
v -0.006081 1.293357 0.018581
v -0.008368 1.294062 0.017195
v -0.007432 1.293247 0.016740
v -0.008242 1.293655 0.017134
v -0.007900 1.293357 0.016968
v -0.009771 1.294062 0.015284
v -0.008731 1.293247 0.014971
v -0.009631 1.293655 0.015242
v -0.009251 1.293357 0.015128
v -0.010635 1.294062 0.013211
v -0.009532 1.293247 0.013051
v -0.010487 1.293655 0.013189
v -0.010083 1.293357 0.013131
v -0.043280 1.177639 -0.023915
v -0.044399 1.177639 -0.024730
v -0.043429 1.177639 -0.024323
v -0.043839 1.177639 -0.024621
v -0.044399 1.246884 -0.024730
v -0.043279 1.246884 -0.023915
v -0.043839 1.246884 -0.024621
v -0.043429 1.246884 -0.024323
v -1.400977 1.240113 -0.020013
v -1.402097 1.241077 -0.021383
v -1.400977 1.239298 -0.020828
v -1.401521 1.240252 -0.020406
v -1.400977 1.239992 -0.020413
v -1.401505 1.240138 -0.020630
v -1.401937 1.240631 -0.021116
v -1.401930 1.240603 -0.020905
v -1.401809 1.240344 -0.020859
v -1.400977 1.239698 -0.020707
v -1.401530 1.239982 -0.020911
v -1.401512 1.240047 -0.020792
v -1.400977 1.185225 -0.020828
v -1.402097 1.183446 -0.021383
v -1.400977 1.184410 -0.020013
v -1.401529 1.184541 -0.020911
v -1.400977 1.184825 -0.020707
v -1.401512 1.184475 -0.020792
v -1.401930 1.183920 -0.020905
v -1.401937 1.183891 -0.021116
v -1.401809 1.184178 -0.020859
v -1.400977 1.184531 -0.020413
v -1.401521 1.184270 -0.020406
v -1.401505 1.184385 -0.020630
v -0.042160 1.177639 -0.000000
v -0.043280 1.177639 -0.000815
v -0.042720 1.177639 -0.000109
v -0.043130 1.177639 -0.000407
v -0.043279 1.246884 -0.000815
v -0.042160 1.246884 -0.000000
v -0.043130 1.246884 -0.000407
v -0.042720 1.246884 -0.000109
v -1.400977 1.185225 -0.003903
v -1.400977 1.184410 -0.004718
v -1.402097 1.183446 -0.003347
v -1.400977 1.184825 -0.004024
v -1.401530 1.184541 -0.003819
v -1.401512 1.184475 -0.003939
v -1.401521 1.184270 -0.004324
v -1.400977 1.184531 -0.004318
v -1.401505 1.184385 -0.004101
v -1.401937 1.183891 -0.003615
v -1.401930 1.183920 -0.003825
v -1.401809 1.184178 -0.003871
v -1.400977 1.240113 -0.004718
v -1.400977 1.239298 -0.003903
v -1.402097 1.241077 -0.003347
v -1.400977 1.239992 -0.004318
v -1.401521 1.240252 -0.004324
v -1.401505 1.240138 -0.004101
v -1.401530 1.239982 -0.003819
v -1.400977 1.239698 -0.004024
v -1.401512 1.240047 -0.003939
v -1.401930 1.240603 -0.003825
v -1.401937 1.240631 -0.003615
v -1.401809 1.240344 -0.003871
v -1.434449 1.246884 0.000815
v -1.433330 1.246884 -0.000000
v -1.434299 1.246884 0.000407
v -1.433890 1.246884 0.000109
v -1.433330 1.177639 -0.000000
v -1.434449 1.177639 0.000815
v -1.433890 1.177639 0.000109
v -1.434299 1.177639 0.000407
v -1.433330 1.246884 0.023553
v -1.434449 1.246884 0.022738
v -1.433890 1.246884 0.023444
v -1.434299 1.246884 0.023145
v -1.434449 1.177639 0.022738
v -1.433330 1.177639 0.023553
v -1.434299 1.177639 0.023145
v -1.433890 1.177639 0.023444
v -0.012046 1.246884 -0.000000
v -0.010927 1.246884 0.000815
v -0.011486 1.246884 0.000109
v -0.011077 1.246884 0.000407
v -0.010927 1.177639 0.000815
v -0.012046 1.177639 -0.000000
v -0.011077 1.177639 0.000407
v -0.011487 1.177639 0.000109
v -0.012046 1.177639 0.023553
v -0.010927 1.177639 0.022738
v -0.011487 1.177639 0.023444
v -0.011077 1.177639 0.023145
v -0.010927 1.246884 0.022738
v -0.012046 1.246884 0.023553
v -0.011077 1.246884 0.023145
v -0.011486 1.246884 0.023444
v -1.403216 1.246884 -0.000000
v -1.402097 1.246884 -0.000815
v -1.402656 1.246884 -0.000109
v -1.402247 1.246884 -0.000408
v -1.402097 1.246884 -0.023916
v -1.400977 1.246884 -0.024731
v -1.401946 1.246884 -0.024323
v -1.401537 1.246884 -0.024621
v -1.402097 1.177639 -0.000815
v -1.403216 1.177639 -0.000000
v -1.402247 1.177639 -0.000408
v -1.402656 1.177639 -0.000109
v -1.400977 1.177639 -0.024731
v -1.402097 1.177639 -0.023916
v -1.401537 1.177639 -0.024621
v -1.401946 1.177639 -0.024323
v -1.382919 1.239298 -0.003903
v -1.382919 1.240113 -0.004718
v -1.382919 1.239705 -0.004012
v -1.382919 1.240003 -0.004310
v -1.382919 1.240113 -0.020013
v -1.382919 1.239298 -0.020828
v -1.382919 1.240003 -0.020420
v -1.382919 1.239705 -0.020718
v -1.382919 1.184410 -0.004718
v -1.382919 1.185225 -0.003903
v -1.382919 1.184519 -0.004310
v -1.382919 1.184817 -0.004012
v -1.382919 1.185225 -0.020828
v -1.382919 1.184410 -0.020013
v -1.382919 1.184817 -0.020718
v -1.382919 1.184519 -0.020420
v -1.400977 1.229916 -0.017761
v -1.400977 1.229101 -0.018576
v -1.402097 1.230864 -0.018786
v -1.400977 1.229795 -0.018161
v -1.401522 1.230054 -0.018059
v -1.401505 1.229950 -0.018322
v -1.401536 1.229944 -0.018609
v -1.400977 1.229501 -0.018455
v -1.401517 1.229908 -0.018497
v -1.401930 1.230398 -0.018431
v -1.401945 1.230589 -0.018687
v -1.401814 1.230202 -0.018490
v -1.400977 1.195422 -0.018576
v -1.400977 1.194607 -0.017761
v -1.402097 1.193658 -0.018786
v -1.400977 1.195022 -0.018455
v -1.401536 1.194579 -0.018609
v -1.401517 1.194614 -0.018497
v -1.401522 1.194469 -0.018059
v -1.400977 1.194728 -0.018161
v -1.401505 1.194572 -0.018322
v -1.401945 1.193934 -0.018687
v -1.401930 1.194125 -0.018431
v -1.401814 1.194320 -0.018490
v -1.400977 1.195422 -0.006154
v -1.402097 1.193658 -0.005945
v -1.400977 1.194607 -0.006969
v -1.401536 1.194579 -0.006122
v -1.400977 1.195022 -0.006275
v -1.401517 1.194615 -0.006234
v -1.401930 1.194125 -0.006299
v -1.401945 1.193934 -0.006043
v -1.401814 1.194320 -0.006240
v -1.400977 1.194728 -0.006569
v -1.401522 1.194469 -0.006671
v -1.401505 1.194572 -0.006409
v -1.400977 1.229916 -0.006969
v -1.402097 1.230864 -0.005945
v -1.400977 1.229101 -0.006154
v -1.401522 1.230054 -0.006671
v -1.400977 1.229795 -0.006569
v -1.401506 1.229950 -0.006409
v -1.401945 1.230589 -0.006043
v -1.401930 1.230398 -0.006299
v -1.401814 1.230202 -0.006240
v -1.400977 1.229501 -0.006275
v -1.401536 1.229944 -0.006122
v -1.401517 1.229908 -0.006234
v -1.382920 1.239298 -0.003903
v -1.382920 1.240113 -0.004718
v -1.382920 1.239705 -0.004012
v -1.382920 1.240003 -0.004310
v -1.382920 1.240113 -0.020013
v -1.382920 1.239298 -0.020828
v -1.382920 1.240003 -0.020420
v -1.382920 1.239705 -0.020718
v -1.382920 1.184410 -0.004718
v -1.382920 1.185225 -0.003903
v -1.382920 1.184519 -0.004310
v -1.382920 1.184817 -0.004012
v -1.382920 1.185225 -0.020828
v -1.382920 1.184410 -0.020013
v -1.382920 1.184817 -0.020718
v -1.382920 1.184519 -0.020420
v -1.400977 1.240113 -0.004718
v -1.400977 1.239298 -0.003903
v -1.402097 1.239164 -0.004112
v -1.400977 1.239992 -0.004318
v -1.401523 1.239974 -0.004542
v -1.401506 1.239884 -0.004228
v -1.401538 1.239233 -0.003935
v -1.400977 1.239698 -0.004024
v -1.401519 1.239652 -0.004038
v -1.401929 1.239631 -0.004322
v -1.401947 1.239185 -0.004014
v -1.401814 1.239634 -0.004135
v -1.402097 1.239164 -0.020618
v -1.400977 1.239298 -0.020828
v -1.400977 1.240113 -0.020013
v -1.401947 1.239185 -0.020717
v -1.401929 1.239631 -0.020408
v -1.401814 1.239634 -0.020595
v -1.400977 1.239698 -0.020707
v -1.401538 1.239233 -0.020795
v -1.401519 1.239652 -0.020693
v -1.401523 1.239974 -0.020189
v -1.400977 1.239992 -0.020413
v -1.401506 1.239884 -0.020503
v -1.400977 1.185225 -0.003903
v -1.400977 1.184410 -0.004718
v -1.402097 1.185359 -0.004112
v -1.400977 1.184825 -0.004024
v -1.401538 1.185289 -0.003935
v -1.401519 1.184870 -0.004038
v -1.401523 1.184549 -0.004542
v -1.400977 1.184531 -0.004318
v -1.401506 1.184639 -0.004228
v -1.401947 1.185338 -0.004014
v -1.401929 1.184891 -0.004322
v -1.401814 1.184889 -0.004135
v -1.402097 1.185359 -0.020618
v -1.400977 1.184410 -0.020013
v -1.400977 1.185225 -0.020828
v -1.401929 1.184891 -0.020408
v -1.401947 1.185338 -0.020717
v -1.401814 1.184889 -0.020595
v -1.400977 1.184531 -0.020413
v -1.401523 1.184549 -0.020189
v -1.401506 1.184639 -0.020503
v -1.401538 1.185289 -0.020795
v -1.400977 1.184825 -0.020707
v -1.401519 1.184870 -0.020693
v -1.387164 1.229916 -0.006969
v -1.387164 1.229101 -0.006154
v -1.387164 1.229806 -0.006562
v -1.387164 1.229508 -0.006263
v -1.387164 1.229101 -0.018576
v -1.387164 1.229916 -0.017761
v -1.387164 1.229508 -0.018467
v -1.387164 1.229806 -0.018169
v -1.387164 1.195422 -0.006154
v -1.387164 1.194607 -0.006969
v -1.387164 1.195014 -0.006263
v -1.387164 1.194716 -0.006562
v -1.387164 1.194607 -0.017761
v -1.387164 1.195422 -0.018576
v -1.387164 1.194716 -0.018169
v -1.387164 1.195014 -0.018467
v -1.391308 1.229916 -0.017761
v -1.390631 1.229101 -0.018576
v -1.392391 1.229101 -0.017908
v -1.390976 1.229807 -0.018142
v -1.391855 1.229807 -0.017808
v -1.391515 1.229701 -0.018170
v -1.391269 1.229101 -0.018514
v -1.390728 1.229508 -0.018441
v -1.391340 1.229490 -0.018381
v -1.392253 1.229508 -0.017862
v -1.391915 1.229101 -0.018269
v -1.391794 1.229490 -0.018208
v -1.392391 1.195422 -0.017908
v -1.390631 1.195422 -0.018576
v -1.391308 1.194607 -0.017761
v -1.391914 1.195422 -0.018234
v -1.392180 1.195021 -0.017938
v -1.391792 1.195033 -0.018226
v -1.390847 1.195022 -0.018456
v -1.391272 1.195422 -0.018478
v -1.391369 1.195035 -0.018390
v -1.391788 1.194727 -0.017885
v -1.391092 1.194728 -0.018161
v -1.391532 1.194818 -0.018203
v -1.400977 1.195422 -0.006154
v -1.402097 1.195422 -0.006969
v -1.400882 1.194607 -0.006969
v -1.401554 1.195422 -0.006263
v -1.400947 1.195015 -0.006263
v -1.401500 1.195032 -0.006369
v -1.401917 1.195015 -0.006969
v -1.401964 1.195422 -0.006562
v -1.401789 1.195032 -0.006579
v -1.400912 1.194716 -0.006562
v -1.401471 1.194716 -0.006969
v -1.401475 1.194822 -0.006579
v -1.402097 1.229101 -0.006969
v -1.400977 1.229101 -0.006154
v -1.400882 1.229916 -0.006969
v -1.401931 1.229101 -0.006569
v -1.401917 1.229499 -0.006969
v -1.401795 1.229487 -0.006582
v -1.400947 1.229501 -0.006275
v -1.401527 1.229101 -0.006275
v -1.401492 1.229488 -0.006366
v -1.401480 1.229794 -0.006969
v -1.400913 1.229795 -0.006569
v -1.401478 1.229704 -0.006582
v -1.376818 1.229916 -0.006969
v -1.376818 1.229101 -0.006154
v -1.376818 1.229806 -0.006562
v -1.376818 1.229508 -0.006263
v -1.376818 1.229101 -0.018576
v -1.376818 1.229916 -0.017761
v -1.376818 1.229508 -0.018467
v -1.376818 1.229806 -0.018169
v -1.376818 1.195422 -0.006154
v -1.376818 1.194607 -0.006969
v -1.376818 1.195014 -0.006263
v -1.376818 1.194716 -0.006562
v -1.376818 1.194607 -0.017761
v -1.376818 1.195422 -0.018576
v -1.376818 1.194716 -0.018169
v -1.376818 1.195014 -0.018467
v -1.401456 1.229101 -0.008452
v -1.402097 1.229101 -0.006969
v -1.400878 1.229916 -0.007784
v -1.401768 1.229101 -0.008007
v -1.401416 1.229502 -0.008304
v -1.401708 1.229490 -0.007934
v -1.401918 1.229499 -0.007216
v -1.402003 1.229101 -0.007465
v -1.401867 1.229487 -0.007587
v -1.401207 1.229796 -0.008063
v -1.401477 1.229795 -0.007512
v -1.401614 1.229705 -0.007776
v -1.402097 1.195422 -0.006969
v -1.401456 1.195422 -0.008452
v -1.400878 1.194607 -0.007784
v -1.402003 1.195422 -0.007465
v -1.401918 1.195024 -0.007216
v -1.401868 1.195036 -0.007587
v -1.401416 1.195021 -0.008304
v -1.401768 1.195422 -0.008007
v -1.401708 1.195033 -0.007934
v -1.401477 1.194728 -0.007512
v -1.401206 1.194727 -0.008063
v -1.401614 1.194818 -0.007776
v -1.322191 1.212262 0.080220
v -1.321889 1.210029 0.080220
v -1.320995 1.207882 0.080220
v -1.319542 1.205904 0.080220
v -1.317587 1.204170 0.080220
v -1.315205 1.202747 0.080220
v -1.312487 1.201689 0.080220
v -1.309539 1.201038 0.080220
v -1.306472 1.200818 0.080220
v -1.303405 1.201038 0.080220
v -1.300456 1.201689 0.080220
v -1.297739 1.202747 0.080220
v -1.295357 1.204170 0.080220
v -1.293402 1.205904 0.080220
v -1.291949 1.207882 0.080220
v -1.291055 1.210029 0.080220
v -1.290753 1.212262 0.080220
v -1.291055 1.214494 0.080220
v -1.291949 1.216641 0.080220
v -1.293402 1.218619 0.080220
v -1.295357 1.220353 0.080220
v -1.297739 1.221777 0.080220
v -1.300456 1.222834 0.080220
v -1.303405 1.223485 0.080220
v -1.306472 1.223705 0.080220
v -1.309539 1.223485 0.080220
v -1.312487 1.222834 0.080220
v -1.315205 1.221777 0.080220
v -1.317587 1.220353 0.080220
v -1.319542 1.218619 0.080220
v -1.320995 1.216641 0.080220
v -1.321889 1.214494 0.080220
v -1.282207 1.194597 0.088323
v -1.282207 1.229926 0.088323
v -1.330737 1.194597 0.088323
v -1.330737 1.229926 0.088323
v -1.282207 1.194597 0.029441
v -1.282207 1.229926 0.029441
v -1.330737 1.194597 0.029441
v -1.330737 1.229926 0.029441
v -1.330737 1.194597 0.076547
v -1.282207 1.229926 0.076547
v -1.330737 1.229926 0.076547
v -1.282207 1.194597 0.076547
v -1.088091 1.194597 0.088323
v -1.088091 1.229926 0.088323
v -1.088091 1.229926 0.076547
v -1.088091 1.194597 0.076547
v -1.330737 1.194597 0.054105
v -1.330737 1.194597 0.051884
v -1.329766 1.195304 0.052994
v -1.330737 1.229926 0.051884
v -1.330737 1.229926 0.054105
v -1.329766 1.229219 0.052994
v -1.282207 1.194597 0.051884
v -1.282207 1.194597 0.054105
v -1.283178 1.195304 0.052994
v -1.282207 1.229926 0.054105
v -1.282207 1.229926 0.051884
v -1.283178 1.229219 0.052994
v -1.258913 1.177639 0.029441
v -1.258913 1.246884 0.029441
v -1.354030 1.177639 0.029441
v -1.354030 1.246884 0.029441
v -1.354030 1.246884 0.023553
v -1.354030 1.177639 0.023553
v -1.258913 1.177639 0.023553
v -1.258913 1.246884 0.023553
v -1.270892 1.212262 0.029441
v -1.271575 1.207208 0.029441
v -1.271575 1.217315 0.029441
v -1.276888 1.197871 0.029441
v -1.276888 1.226652 0.029441
v -1.281313 1.193946 0.029441
v -1.273600 1.202349 0.029441
v -1.273600 1.222174 0.029441
v -1.281313 1.230577 0.029441
v -1.286705 1.190725 0.029441
v -1.299531 1.186857 0.029441
v -1.292856 1.188331 0.029441
v -1.320088 1.188331 0.029441
v -1.313413 1.186857 0.029441
v -1.331631 1.193946 0.029441
v -1.326239 1.190725 0.029441
v -1.306472 1.186359 0.029441
v -1.286705 1.233799 0.029441
v -1.299531 1.237666 0.029441
v -1.292856 1.236192 0.029441
v -1.313413 1.237666 0.029441
v -1.326239 1.233799 0.029441
v -1.320088 1.236192 0.029441
v -1.306472 1.238164 0.029441
v -1.336056 1.197871 0.029441
v -1.336056 1.226652 0.029441
v -1.342052 1.212262 0.029441
v -1.341368 1.207208 0.029441
v -1.341368 1.217315 0.029441
v -1.339344 1.202349 0.029441
v -1.339344 1.222174 0.029441
v -1.331631 1.230577 0.029441
v -1.270892 1.212262 0.023553
v -1.271575 1.207208 0.023553
v -1.271575 1.217315 0.023553
v -1.276888 1.197871 0.023553
v -1.276888 1.226652 0.023553
v -1.281313 1.193946 0.023553
v -1.273600 1.202349 0.023553
v -1.273600 1.222174 0.023553
v -1.281313 1.230577 0.023553
v -1.286705 1.190725 0.023553
v -1.299531 1.186857 0.023553
v -1.292856 1.188331 0.023553
v -1.320088 1.188331 0.023553
v -1.313413 1.186857 0.023553
v -1.331631 1.193946 0.023553
v -1.326239 1.190725 0.023553
v -1.306472 1.186359 0.023553
v -1.286705 1.233799 0.023553
v -1.299531 1.237666 0.023553
v -1.292856 1.236192 0.023553
v -1.313413 1.237666 0.023553
v -1.326239 1.233799 0.023553
v -1.320088 1.236192 0.023553
v -1.306472 1.238164 0.023553
v -1.336056 1.197871 0.023553
v -1.336056 1.226652 0.023553
v -1.342052 1.212262 0.023553
v -1.341368 1.207208 0.023553
v -1.341368 1.217315 0.023553
v -1.339344 1.202349 0.023553
v -1.339344 1.222174 0.023553
v -1.331631 1.230577 0.023553
v -1.270892 1.212262 0.029441
v -1.271575 1.207208 0.029441
v -1.271575 1.217315 0.029441
v -1.276888 1.197871 0.029441
v -1.276888 1.226652 0.029441
v -1.281313 1.193946 0.029441
v -1.273600 1.202349 0.029441
v -1.273600 1.222174 0.029441
v -1.281313 1.230577 0.029441
v -1.286705 1.190725 0.029441
v -1.299531 1.186857 0.029441
v -1.292856 1.188331 0.029441
v -1.320088 1.188331 0.029441
v -1.313413 1.186857 0.029441
v -1.331631 1.193946 0.029441
v -1.326239 1.190725 0.029441
v -1.306472 1.186359 0.029441
v -1.286705 1.233799 0.029441
v -1.299531 1.237666 0.029441
v -1.292856 1.236192 0.029441
v -1.313413 1.237666 0.029441
v -1.326239 1.233799 0.029441
v -1.320088 1.236192 0.029441
v -1.306472 1.238164 0.029441
v -1.336056 1.197871 0.029441
v -1.336056 1.226652 0.029441
v -1.342052 1.212262 0.029441
v -1.341368 1.207208 0.029441
v -1.341368 1.217315 0.029441
v -1.339344 1.202349 0.029441
v -1.339344 1.222174 0.029441
v -1.331631 1.230577 0.029441
v -1.270892 1.212262 0.023553
v -1.271575 1.207208 0.023553
v -1.271575 1.217315 0.023553
v -1.276888 1.197871 0.023553
v -1.276888 1.226652 0.023553
v -1.281313 1.193946 0.023553
v -1.273600 1.202349 0.023553
v -1.273600 1.222174 0.023553
v -1.281313 1.230577 0.023553
v -1.286705 1.190725 0.023553
v -1.299531 1.186857 0.023553
v -1.292856 1.188331 0.023553
v -1.320088 1.188331 0.023553
v -1.313413 1.186857 0.023553
v -1.331631 1.193946 0.023553
v -1.326239 1.190725 0.023553
v -1.306472 1.186359 0.023553
v -1.286705 1.233799 0.023553
v -1.299531 1.237666 0.023553
v -1.292856 1.236192 0.023553
v -1.313413 1.237666 0.023553
v -1.326239 1.233799 0.023553
v -1.320088 1.236192 0.023553
v -1.306472 1.238164 0.023553
v -1.336056 1.197871 0.023553
v -1.336056 1.226652 0.023553
v -1.342052 1.212262 0.023553
v -1.341368 1.207208 0.023553
v -1.341368 1.217315 0.023553
v -1.339344 1.202349 0.023553
v -1.339344 1.222174 0.023553
v -1.331631 1.230577 0.023553
v -1.309539 1.223485 0.088323
v -1.306472 1.223705 0.088323
v -1.303405 1.223485 0.088323
v -1.312487 1.222834 0.088323
v -1.300456 1.222834 0.088323
v -1.315205 1.221777 0.088323
v -1.297739 1.221777 0.088323
v -1.317587 1.220353 0.088323
v -1.295357 1.220353 0.088323
v -1.293402 1.218619 0.088323
v -1.320995 1.216641 0.088323
v -1.319542 1.218619 0.088323
v -1.291949 1.216641 0.088323
v -1.291055 1.214494 0.088323
v -1.322191 1.212262 0.088323
v -1.321889 1.214494 0.088323
v -1.300456 1.201689 0.088323
v -1.297739 1.202747 0.088323
v -1.321889 1.210029 0.088323
v -1.303405 1.201038 0.088323
v -1.320995 1.207882 0.088323
v -1.291949 1.207882 0.088323
v -1.293402 1.205904 0.088323
v -1.291055 1.210029 0.088323
v -1.306472 1.200818 0.088323
v -1.309539 1.201038 0.088323
v -1.317587 1.204170 0.088323
v -1.312487 1.201689 0.088323
v -1.315205 1.202747 0.088323
v -1.319542 1.205904 0.088323
v -1.295357 1.204170 0.088323
v -1.290753 1.212262 0.088323
v -1.322191 1.212262 0.080220
v -1.321889 1.210029 0.080220
v -1.320995 1.207882 0.080220
v -1.319542 1.205904 0.080220
v -1.317587 1.204170 0.080220
v -1.315205 1.202747 0.080220
v -1.312487 1.201689 0.080220
v -1.309539 1.201038 0.080220
v -1.306472 1.200818 0.080220
v -1.303405 1.201038 0.080220
v -1.300456 1.201689 0.080220
v -1.297739 1.202747 0.080220
v -1.295357 1.204170 0.080220
v -1.293402 1.205904 0.080220
v -1.291949 1.207882 0.080220
v -1.291055 1.210029 0.080220
v -1.290753 1.212262 0.080220
v -1.291055 1.214494 0.080220
v -1.291949 1.216641 0.080220
v -1.293402 1.218619 0.080220
v -1.295357 1.220353 0.080220
v -1.297739 1.221777 0.080220
v -1.300456 1.222834 0.080220
v -1.303405 1.223485 0.080220
v -1.306472 1.223705 0.080220
v -1.309539 1.223485 0.080220
v -1.312487 1.222834 0.080220
v -1.315205 1.221777 0.080220
v -1.317587 1.220353 0.080220
v -1.319542 1.218619 0.080220
v -1.320995 1.216641 0.080220
v -1.321889 1.214494 0.080220
v -1.309539 1.223485 0.088323
v -1.306472 1.223705 0.088323
v -1.303405 1.223485 0.088323
v -1.312487 1.222834 0.088323
v -1.300456 1.222834 0.088323
v -1.315205 1.221777 0.088323
v -1.297739 1.221777 0.088323
v -1.317587 1.220353 0.088323
v -1.295357 1.220353 0.088323
v -1.293402 1.218619 0.088323
v -1.320995 1.216641 0.088323
v -1.319542 1.218619 0.088323
v -1.291949 1.216641 0.088323
v -1.291055 1.214494 0.088323
v -1.322191 1.212262 0.088323
v -1.321889 1.214494 0.088323
v -1.300456 1.201689 0.088323
v -1.297739 1.202747 0.088323
v -1.321889 1.210029 0.088323
v -1.303405 1.201038 0.088323
v -1.320995 1.207882 0.088323
v -1.291949 1.207882 0.088323
v -1.293402 1.205904 0.088323
v -1.291055 1.210029 0.088323
v -1.306472 1.200818 0.088323
v -1.309539 1.201038 0.088323
v -1.317587 1.204170 0.088323
v -1.312487 1.201689 0.088323
v -1.315205 1.202747 0.088323
v -1.319542 1.205904 0.088323
v -1.295357 1.204170 0.088323
v -1.290753 1.212262 0.088323
v -1.317587 1.210733 0.088323
v -1.317587 1.213790 0.088323
v -1.295357 1.210733 0.088323
v -1.295357 1.213790 0.088323
v -1.295357 1.210733 0.070954
v -1.317587 1.210733 0.070954
v -1.295357 1.213790 0.070954
v -1.317587 1.213790 0.070954
v -1.322191 1.212261 -0.081398
v -1.321889 1.214494 -0.081398
v -1.320995 1.216641 -0.081398
v -1.319542 1.218619 -0.081398
v -1.317587 1.220353 -0.081398
v -1.315205 1.221776 -0.081398
v -1.312487 1.222834 -0.081398
v -1.309539 1.223485 -0.081398
v -1.306472 1.223705 -0.081398
v -1.303405 1.223485 -0.081398
v -1.300456 1.222834 -0.081398
v -1.297739 1.221776 -0.081398
v -1.295357 1.220353 -0.081398
v -1.293402 1.218619 -0.081398
v -1.291949 1.216641 -0.081398
v -1.291055 1.214494 -0.081398
v -1.290753 1.212261 -0.081398
v -1.291055 1.210029 -0.081398
v -1.291949 1.207882 -0.081398
v -1.293402 1.205904 -0.081398
v -1.295357 1.204170 -0.081398
v -1.297739 1.202746 -0.081398
v -1.300456 1.201689 -0.081398
v -1.303405 1.201038 -0.081398
v -1.306472 1.200818 -0.081398
v -1.309539 1.201038 -0.081398
v -1.312487 1.201689 -0.081398
v -1.315205 1.202746 -0.081398
v -1.317587 1.204170 -0.081398
v -1.319542 1.205904 -0.081398
v -1.320995 1.207882 -0.081398
v -1.321889 1.210029 -0.081398
v -1.282207 1.229926 -0.089501
v -1.282207 1.194597 -0.089501
v -1.330737 1.229926 -0.089501
v -1.330737 1.194597 -0.089501
v -1.282207 1.229926 -0.030619
v -1.282207 1.194597 -0.030619
v -1.330737 1.229926 -0.030619
v -1.330737 1.194597 -0.030619
v -1.330737 1.229926 -0.077724
v -1.282207 1.194597 -0.077724
v -1.330737 1.194597 -0.077724
v -1.282207 1.229926 -0.077724
v -1.088091 1.229926 -0.089501
v -1.088091 1.194597 -0.089501
v -1.088091 1.194597 -0.077724
v -1.088091 1.229926 -0.077724
v -1.330737 1.229926 -0.055282
v -1.330737 1.229926 -0.053061
v -1.329766 1.229219 -0.054171
v -1.330737 1.194597 -0.053061
v -1.330737 1.194597 -0.055282
v -1.329766 1.195303 -0.054171
v -1.282207 1.229926 -0.053061
v -1.282207 1.229926 -0.055282
v -1.283178 1.229219 -0.054171
v -1.282207 1.194597 -0.055282
v -1.282207 1.194597 -0.053061
v -1.283178 1.195303 -0.054171
v -1.258913 1.246884 -0.030619
v -1.258913 1.177639 -0.030619
v -1.354030 1.246884 -0.030619
v -1.354030 1.177639 -0.030619
v -1.354030 1.177639 -0.024730
v -1.354030 1.246884 -0.024730
v -1.258913 1.246884 -0.024730
v -1.258913 1.177639 -0.024730
v -1.270892 1.212261 -0.030619
v -1.271575 1.217315 -0.030619
v -1.271575 1.207208 -0.030619
v -1.276888 1.226652 -0.030619
v -1.276888 1.197871 -0.030619
v -1.281313 1.230577 -0.030619
v -1.273600 1.222174 -0.030619
v -1.273600 1.202349 -0.030619
v -1.281313 1.193946 -0.030619
v -1.286705 1.233798 -0.030619
v -1.299531 1.237666 -0.030619
v -1.292856 1.236192 -0.030619
v -1.320088 1.236192 -0.030619
v -1.313413 1.237666 -0.030619
v -1.331631 1.230577 -0.030619
v -1.326239 1.233798 -0.030619
v -1.306472 1.238164 -0.030619
v -1.286705 1.190724 -0.030619
v -1.299531 1.186857 -0.030619
v -1.292856 1.188331 -0.030619
v -1.313413 1.186857 -0.030619
v -1.326239 1.190724 -0.030619
v -1.320088 1.188331 -0.030619
v -1.306472 1.186359 -0.030619
v -1.336056 1.226652 -0.030619
v -1.336056 1.197871 -0.030619
v -1.342052 1.212261 -0.030619
v -1.341368 1.217315 -0.030619
v -1.341368 1.207208 -0.030619
v -1.339344 1.222174 -0.030619
v -1.339344 1.202349 -0.030619
v -1.331631 1.193946 -0.030619
v -1.270892 1.212261 -0.024730
v -1.271575 1.217315 -0.024730
v -1.271575 1.207208 -0.024730
v -1.276888 1.226652 -0.024730
v -1.276888 1.197871 -0.024730
v -1.281313 1.230577 -0.024730
v -1.273600 1.222174 -0.024730
v -1.273600 1.202349 -0.024730
v -1.281313 1.193946 -0.024730
v -1.286705 1.233798 -0.024730
v -1.299531 1.237666 -0.024730
v -1.292856 1.236192 -0.024730
v -1.320088 1.236192 -0.024730
v -1.313413 1.237666 -0.024730
v -1.331631 1.230577 -0.024730
v -1.326239 1.233798 -0.024730
v -1.306472 1.238164 -0.024730
v -1.286705 1.190724 -0.024730
v -1.299531 1.186857 -0.024730
v -1.292856 1.188331 -0.024730
v -1.313413 1.186857 -0.024730
v -1.326239 1.190724 -0.024730
v -1.320088 1.188331 -0.024730
v -1.306472 1.186359 -0.024730
v -1.336056 1.226652 -0.024730
v -1.336056 1.197871 -0.024730
v -1.342052 1.212261 -0.024730
v -1.341368 1.217315 -0.024730
v -1.341368 1.207208 -0.024730
v -1.339344 1.222174 -0.024730
v -1.339344 1.202349 -0.024730
v -1.331631 1.193946 -0.024730
v -1.270892 1.212261 -0.030619
v -1.271575 1.217315 -0.030619
v -1.271575 1.207208 -0.030619
v -1.276888 1.226652 -0.030619
v -1.276888 1.197871 -0.030619
v -1.281313 1.230577 -0.030619
v -1.273600 1.222174 -0.030619
v -1.273600 1.202349 -0.030619
v -1.281313 1.193946 -0.030619
v -1.286705 1.233798 -0.030619
v -1.299531 1.237666 -0.030619
v -1.292856 1.236192 -0.030619
v -1.320088 1.236192 -0.030619
v -1.313413 1.237666 -0.030619
v -1.331631 1.230577 -0.030619
v -1.326239 1.233798 -0.030619
v -1.306472 1.238164 -0.030619
v -1.286705 1.190724 -0.030619
v -1.299531 1.186857 -0.030619
v -1.292856 1.188331 -0.030619
v -1.313413 1.186857 -0.030619
v -1.326239 1.190724 -0.030619
v -1.320088 1.188331 -0.030619
v -1.306472 1.186359 -0.030619
v -1.336056 1.226652 -0.030619
v -1.336056 1.197871 -0.030619
v -1.342052 1.212261 -0.030619
v -1.341368 1.217315 -0.030619
v -1.341368 1.207208 -0.030619
v -1.339344 1.222174 -0.030619
v -1.339344 1.202349 -0.030619
v -1.331631 1.193946 -0.030619
v -1.270892 1.212261 -0.024731
v -1.271575 1.217315 -0.024731
v -1.271575 1.207208 -0.024731
v -1.276888 1.226652 -0.024731
v -1.276888 1.197871 -0.024731
v -1.281313 1.230577 -0.024731
v -1.273600 1.222174 -0.024731
v -1.273600 1.202349 -0.024731
v -1.281313 1.193946 -0.024731
v -1.286705 1.233798 -0.024731
v -1.299531 1.237666 -0.024731
v -1.292856 1.236192 -0.024731
v -1.320088 1.236192 -0.024731
v -1.313413 1.237666 -0.024731
v -1.331631 1.230577 -0.024731
v -1.326239 1.233798 -0.024731
v -1.306472 1.238164 -0.024731
v -1.286705 1.190724 -0.024731
v -1.299531 1.186857 -0.024731
v -1.292856 1.188331 -0.024731
v -1.313413 1.186857 -0.024731
v -1.326239 1.190724 -0.024731
v -1.320088 1.188331 -0.024731
v -1.306472 1.186359 -0.024731
v -1.336056 1.226652 -0.024731
v -1.336056 1.197871 -0.024731
v -1.342052 1.212261 -0.024731
v -1.341368 1.217315 -0.024731
v -1.341368 1.207208 -0.024731
v -1.339344 1.222174 -0.024731
v -1.339344 1.202349 -0.024731
v -1.331631 1.193946 -0.024731
v -1.309539 1.201038 -0.089501
v -1.306472 1.200818 -0.089501
v -1.303405 1.201038 -0.089501
v -1.312487 1.201689 -0.089501
v -1.300456 1.201689 -0.089501
v -1.315205 1.202746 -0.089501
v -1.297739 1.202746 -0.089501
v -1.317587 1.204170 -0.089501
v -1.295357 1.204170 -0.089501
v -1.293402 1.205904 -0.089501
v -1.320995 1.207882 -0.089501
v -1.319542 1.205904 -0.089501
v -1.291949 1.207882 -0.089501
v -1.291055 1.210029 -0.089501
v -1.322191 1.212261 -0.089501
v -1.321889 1.210029 -0.089501
v -1.300456 1.222834 -0.089501
v -1.297739 1.221776 -0.089501
v -1.321889 1.214494 -0.089501
v -1.303405 1.223485 -0.089501
v -1.320995 1.216641 -0.089501
v -1.291949 1.216641 -0.089501
v -1.293402 1.218619 -0.089501
v -1.291055 1.214494 -0.089501
v -1.306472 1.223705 -0.089501
v -1.309539 1.223485 -0.089501
v -1.317587 1.220353 -0.089501
v -1.312487 1.222834 -0.089501
v -1.315205 1.221776 -0.089501
v -1.319542 1.218619 -0.089501
v -1.295357 1.220353 -0.089501
v -1.290753 1.212261 -0.089501
v -1.322191 1.212261 -0.081398
v -1.321889 1.214494 -0.081398
v -1.320995 1.216641 -0.081398
v -1.319542 1.218619 -0.081398
v -1.317587 1.220353 -0.081398
v -1.315205 1.221776 -0.081398
v -1.312487 1.222834 -0.081398
v -1.309539 1.223485 -0.081398
v -1.306472 1.223705 -0.081398
v -1.303405 1.223485 -0.081398
v -1.300456 1.222834 -0.081398
v -1.297739 1.221776 -0.081398
v -1.295357 1.220353 -0.081398
v -1.293402 1.218619 -0.081398
v -1.291949 1.216641 -0.081398
v -1.291055 1.214494 -0.081398
v -1.290753 1.212261 -0.081398
v -1.291055 1.210029 -0.081398
v -1.291949 1.207882 -0.081398
v -1.293402 1.205904 -0.081398
v -1.295357 1.204170 -0.081398
v -1.297739 1.202746 -0.081398
v -1.300456 1.201689 -0.081398
v -1.303405 1.201038 -0.081398
v -1.306472 1.200818 -0.081398
v -1.309539 1.201038 -0.081398
v -1.312487 1.201689 -0.081398
v -1.315205 1.202746 -0.081398
v -1.317587 1.204170 -0.081398
v -1.319542 1.205904 -0.081398
v -1.320995 1.207882 -0.081398
v -1.321889 1.210029 -0.081398
v -1.309539 1.201038 -0.089501
v -1.306472 1.200818 -0.089501
v -1.303405 1.201038 -0.089501
v -1.312487 1.201689 -0.089501
v -1.300456 1.201689 -0.089501
v -1.315205 1.202746 -0.089501
v -1.297739 1.202746 -0.089501
v -1.317587 1.204170 -0.089501
v -1.295357 1.204170 -0.089501
v -1.293402 1.205904 -0.089501
v -1.320995 1.207882 -0.089501
v -1.319542 1.205904 -0.089501
v -1.291949 1.207882 -0.089501
v -1.291055 1.210029 -0.089501
v -1.322191 1.212261 -0.089501
v -1.321889 1.210029 -0.089501
v -1.300456 1.222834 -0.089501
v -1.297739 1.221776 -0.089501
v -1.321889 1.214494 -0.089501
v -1.303405 1.223485 -0.089501
v -1.320995 1.216641 -0.089501
v -1.291949 1.216641 -0.089501
v -1.293402 1.218619 -0.089501
v -1.291055 1.214494 -0.089501
v -1.306472 1.223705 -0.089501
v -1.309539 1.223485 -0.089501
v -1.317587 1.220353 -0.089501
v -1.312487 1.222834 -0.089501
v -1.315205 1.221776 -0.089501
v -1.319542 1.218619 -0.089501
v -1.295357 1.220353 -0.089501
v -1.290753 1.212261 -0.089501
v -1.317587 1.213790 -0.089501
v -1.317587 1.210733 -0.089501
v -1.295357 1.213790 -0.089501
v -1.295357 1.210733 -0.089501
v -1.295357 1.213790 -0.072132
v -1.317587 1.213790 -0.072132
v -1.295357 1.210733 -0.072132
v -1.317587 1.210733 -0.072132
vn -0.9646 0.0071 -0.2636
vn -1.0000 0.0072 -0.0000
vn -0.9400 0.3412 -0.0000
vn -0.9085 0.3362 -0.2482
vn -0.7890 0.6144 -0.0000
vn -0.7659 0.6080 -0.2093
vn -0.6000 0.8000 -0.0000
vn -0.5850 0.7952 -0.1598
vn -0.4087 0.9127 -0.0000
vn -0.3997 0.9101 -0.1092
vn -0.2382 0.9712 -0.0000
vn -0.2334 0.9703 -0.0638
vn -0.0000 1.0000 -0.0000
vn -0.8691 0.0068 -0.4945
vn -0.8225 0.3232 -0.4680
vn -0.7012 0.5909 -0.3990
vn -0.5418 0.7819 -0.3083
vn -0.3735 0.9029 -0.2125
vn -0.2192 0.9677 -0.1247
vn -0.7367 0.0064 -0.6762
vn -0.7013 0.3062 -0.6437
vn -0.6064 0.5679 -0.5566
vn -0.4760 0.7633 -0.4369
vn -0.3323 0.8925 -0.3050
vn -0.1965 0.9638 -0.1804
vn -0.5885 0.0060 -0.8084
vn -0.5634 0.2893 -0.7739
vn -0.4939 0.5439 -0.6784
vn -0.3940 0.7429 -0.5412
vn -0.2788 0.8806 -0.3830
vn -0.1663 0.9592 -0.2285
vn -0.4374 0.0057 -0.8992
vn -0.4206 0.2749 -0.8646
vn -0.3729 0.5226 -0.7667
vn -0.3017 0.7240 -0.6203
vn -0.2163 0.8693 -0.4446
vn -0.1301 0.9548 -0.2674
vn -0.2887 0.0054 -0.9574
vn -0.2785 0.2641 -0.9234
vn -0.2489 0.5065 -0.8255
vn -0.2036 0.7092 -0.6750
vn -0.1474 0.8599 -0.4887
vn -0.0892 0.9510 -0.2960
vn -0.1433 0.0053 -0.9897
vn -0.1385 0.2577 -0.9563
vn -0.1244 0.4965 -0.8591
vn -0.1024 0.6997 -0.7071
vn -0.0746 0.8539 -0.5151
vn -0.0454 0.9485 -0.3134
vn -0.0000 0.0052 -1.0000
vn -0.0000 0.2555 -0.9668
vn -0.0000 0.4931 -0.8700
vn -0.0000 0.6965 -0.7176
vn -0.0000 0.8518 -0.5239
vn -0.0000 0.9477 -0.3192
vn 0.1433 0.0053 -0.9897
vn 0.1385 0.2577 -0.9563
vn 0.1244 0.4964 -0.8591
vn 0.1024 0.6997 -0.7071
vn 0.0746 0.8539 -0.5151
vn 0.0454 0.9485 -0.3134
vn 0.2887 0.0054 -0.9574
vn 0.2785 0.2641 -0.9234
vn 0.2489 0.5065 -0.8255
vn 0.2036 0.7092 -0.6750
vn 0.1474 0.8599 -0.4887
vn 0.0892 0.9510 -0.2960
vn 0.4374 0.0057 -0.8992
vn 0.4206 0.2749 -0.8646
vn 0.3729 0.5226 -0.7667
vn 0.3017 0.7240 -0.6203
vn 0.2162 0.8693 -0.4446
vn 0.1301 0.9548 -0.2674
vn 0.5885 0.0060 -0.8084
vn 0.5634 0.2892 -0.7739
vn 0.4939 0.5439 -0.6784
vn 0.3940 0.7429 -0.5412
vn 0.2788 0.8806 -0.3830
vn 0.1663 0.9592 -0.2285
vn 0.7367 0.0064 -0.6762
vn 0.7013 0.3062 -0.6437
vn 0.6064 0.5678 -0.5566
vn 0.4760 0.7633 -0.4369
vn 0.3323 0.8925 -0.3050
vn 0.1965 0.9638 -0.1804
vn 0.8691 0.0068 -0.4945
vn 0.8225 0.3232 -0.4680
vn 0.7012 0.5909 -0.3989
vn 0.5418 0.7819 -0.3083
vn 0.3736 0.9029 -0.2125
vn 0.2192 0.9677 -0.1247
vn 0.9646 0.0071 -0.2636
vn 0.9085 0.3362 -0.2482
vn 0.7659 0.6080 -0.2093
vn 0.5850 0.7952 -0.1598
vn 0.3997 0.9101 -0.1092
vn 0.2334 0.9703 -0.0638
vn 1.0000 0.0072 -0.0000
vn 0.9400 0.3412 -0.0000
vn 0.7890 0.6144 -0.0000
vn 0.6000 0.8000 -0.0000
vn 0.4087 0.9127 -0.0000
vn 0.2382 0.9712 -0.0000
vn 0.9646 0.0071 0.2636
vn 0.9085 0.3363 0.2482
vn 0.7659 0.6080 0.2093
vn 0.5850 0.7952 0.1598
vn 0.3997 0.9101 0.1092
vn 0.2334 0.9703 0.0638
vn 0.8691 0.0068 0.4945
vn 0.8225 0.3232 0.4680
vn 0.7012 0.5909 0.3990
vn 0.5418 0.7819 0.3083
vn 0.3735 0.9029 0.2125
vn 0.2192 0.9677 0.1247
vn 0.7367 0.0064 0.6762
vn 0.7013 0.3062 0.6437
vn 0.6064 0.5679 0.5566
vn 0.4760 0.7633 0.4369
vn 0.3323 0.8925 0.3050
vn 0.1965 0.9638 0.1804
vn 0.5885 0.0060 0.8084
vn 0.5634 0.2892 0.7739
vn 0.4939 0.5439 0.6784
vn 0.3940 0.7429 0.5412
vn 0.2788 0.8806 0.3830
vn 0.1663 0.9592 0.2285
vn 0.4374 0.0057 0.8992
vn 0.4206 0.2748 0.8646
vn 0.3729 0.5226 0.7667
vn 0.3017 0.7240 0.6203
vn 0.2163 0.8692 0.4446
vn 0.1301 0.9548 0.2674
vn 0.2887 0.0054 0.9574
vn 0.2785 0.2641 0.9234
vn 0.2489 0.5065 0.8255
vn 0.2036 0.7092 0.6750
vn 0.1474 0.8599 0.4887
vn 0.0893 0.9510 0.2960
vn 0.1433 0.0053 0.9897
vn 0.1385 0.2577 0.9563
vn 0.1244 0.4965 0.8591
vn 0.1024 0.6997 0.7071
vn 0.0746 0.8539 0.5151
vn 0.0454 0.9485 0.3134
vn -0.0000 0.0052 1.0000
vn -0.0000 0.2555 0.9668
vn -0.0000 0.4931 0.8700
vn -0.0000 0.6965 0.7176
vn -0.0000 0.8518 0.5239
vn -0.0000 0.9477 0.3192
vn -0.1433 0.0053 0.9897
vn -0.1385 0.2577 0.9563
vn -0.1244 0.4965 0.8591
vn -0.1024 0.6997 0.7071
vn -0.0746 0.8539 0.5151
vn -0.0454 0.9485 0.3134
vn -0.2887 0.0054 0.9574
vn -0.2785 0.2641 0.9234
vn -0.2489 0.5065 0.8255
vn -0.2036 0.7092 0.6750
vn -0.1474 0.8599 0.4887
vn -0.0892 0.9510 0.2960
vn -0.4374 0.0057 0.8992
vn -0.4206 0.2748 0.8646
vn -0.3729 0.5226 0.7667
vn -0.3017 0.7240 0.6203
vn -0.2163 0.8693 0.4446
vn -0.1301 0.9548 0.2674
vn -0.5885 0.0060 0.8084
vn -0.5634 0.2892 0.7739
vn -0.4939 0.5439 0.6784
vn -0.3940 0.7429 0.5412
vn -0.2788 0.8806 0.3830
vn -0.1663 0.9592 0.2285
vn -0.7367 0.0064 0.6762
vn -0.7013 0.3062 0.6437
vn -0.6064 0.5679 0.5566
vn -0.4760 0.7633 0.4369
vn -0.3323 0.8925 0.3050
vn -0.1965 0.9638 0.1804
vn -0.8691 0.0068 0.4945
vn -0.8225 0.3232 0.4680
vn -0.7012 0.5909 0.3990
vn -0.5418 0.7819 0.3083
vn -0.3736 0.9029 0.2125
vn -0.2192 0.9677 0.1247
vn -0.9646 0.0071 0.2636
vn -0.9085 0.3363 0.2482
vn -0.7659 0.6080 0.2093
vn -0.5850 0.7952 0.1598
vn -0.3997 0.9101 0.1092
vn -0.2334 0.9703 0.0638
vn -0.9400 0.3413 -0.0000
vn -0.9085 0.3363 -0.2482
vn -0.5849 0.7952 -0.1598
vn -0.2333 0.9703 -0.0638
vn -0.8225 0.3231 -0.4680
vn -0.7012 0.5909 -0.3989
vn -0.5634 0.2892 -0.7739
vn -0.2788 0.8807 -0.3830
vn -0.1664 0.9592 -0.2285
vn -0.4374 0.0056 -0.8992
vn -0.4206 0.2747 -0.8647
vn -0.3729 0.5227 -0.7667
vn -0.3017 0.7241 -0.6203
vn -0.2162 0.8693 -0.4445
vn -0.1300 0.9548 -0.2674
vn -0.2784 0.2641 -0.9234
vn -0.0891 0.9510 -0.2960
vn -0.1024 0.6997 -0.7070
vn -0.0000 0.2554 -0.9668
vn -0.0000 0.9477 -0.3193
vn 0.1244 0.4965 -0.8591
vn 0.1024 0.6997 -0.7070
vn 0.2887 0.0055 -0.9574
vn 0.2784 0.2641 -0.9234
vn 0.2035 0.7092 -0.6750
vn 0.1473 0.8599 -0.4887
vn 0.0891 0.9510 -0.2960
vn 0.4374 0.0056 -0.8992
vn 0.4206 0.2747 -0.8647
vn 0.3729 0.5227 -0.7667
vn 0.3017 0.7241 -0.6203
vn 0.2162 0.8693 -0.4445
vn 0.2788 0.8807 -0.3830
vn 0.1665 0.9592 -0.2285
vn 0.6064 0.5679 -0.5566
vn 0.3322 0.8925 -0.3050
vn 0.1966 0.9638 -0.1804
vn 0.7012 0.5909 -0.3990
vn 0.3735 0.9030 -0.2125
vn 0.9646 0.0070 -0.2636
vn 0.9646 0.0070 0.2636
vn 0.9085 0.3362 0.2482
vn 0.5849 0.7952 0.1598
vn 0.7012 0.5909 0.3989
vn 0.2193 0.9677 0.1247
vn 0.2788 0.8807 0.3830
vn 0.1664 0.9592 0.2285
vn 0.3017 0.7241 0.6203
vn 0.2162 0.8693 0.4445
vn 0.1302 0.9547 0.2674
vn 0.2887 0.0055 0.9574
vn 0.1024 0.6997 0.7070
vn -0.0000 0.0053 1.0000
vn -0.1024 0.6997 0.7070
vn -0.0453 0.9485 0.3134
vn -0.2887 0.0055 0.9574
vn -0.2035 0.7092 0.6750
vn -0.1473 0.8600 0.4887
vn -0.4206 0.2749 0.8646
vn -0.3729 0.5226 0.7666
vn -0.3017 0.7241 0.6203
vn -0.2162 0.8693 0.4445
vn -0.2788 0.8807 0.3830
vn -0.1664 0.9592 0.2285
vn -0.7367 0.0063 0.6762
vn -0.1966 0.9638 0.1804
vn -0.8225 0.3231 0.4680
vn -0.3735 0.9029 0.2125
vn -0.9085 0.3362 0.2482
vn -0.5849 0.7952 0.1598
vn -0.7890 0.6143 -0.0000
vn -0.4939 0.5438 -0.6784
vn -0.1301 0.9548 -0.2675
vn -0.2035 0.7092 -0.6750
vn -0.1473 0.8599 -0.4887
vn -0.0893 0.9510 -0.2960
vn 0.1385 0.2577 -0.9562
vn 0.2785 0.2642 -0.9234
vn 0.4206 0.2748 -0.8646
vn 0.1300 0.9548 -0.2674
vn 0.7014 0.3061 -0.6437
vn 0.3735 0.9029 -0.2125
vn 0.2193 0.9677 -0.1247
vn 0.5849 0.7952 -0.1598
vn 0.7890 0.6143 -0.0000
vn 0.7014 0.3061 0.6437
vn 0.1965 0.9638 0.1803
vn 0.5634 0.2893 0.7739
vn 0.4939 0.5438 0.6784
vn 0.2163 0.8693 0.4446
vn 0.1301 0.9547 0.2675
vn 0.2035 0.7092 0.6750
vn -0.2784 0.2642 0.9234
vn -0.1473 0.8599 0.4887
vn -0.0893 0.9510 0.2960
vn -0.4206 0.2747 0.8647
vn -0.2162 0.8693 0.4446
vn -0.4939 0.5438 0.6784
vn -0.0000 -0.0000 1.0000
vn -0.0001 -0.0001 -1.0000
vn -0.0001 -0.5003 -0.8658
vn -0.3421 -0.4699 -0.8137
vn -0.3876 -0.0001 -0.9218
vn -0.0001 -0.5004 -0.8658
vn -0.0001 -0.8658 -0.5004
vn -0.3421 -0.8136 -0.4700
vn -0.3421 -0.4700 -0.8137
vn -0.0001 -1.0000 -0.0043
vn -0.3915 -0.9202 -0.0036
vn -0.3421 -0.8137 -0.4700
vn -0.0001 -0.8659 -0.5003
vn -0.3916 -0.9201 -0.0036
vn -0.7760 -0.6308 -0.0043
vn -0.6653 -0.5279 -0.5279
vn -0.3422 -0.8137 -0.4699
vn -1.0000 -0.0002 -0.0064
vn -0.7833 -0.0002 -0.6216
vn -0.6653 -0.5279 -0.5278
vn -0.7760 -0.6307 -0.0042
vn -0.7833 -0.0001 -0.6216
vn -0.3422 -0.8136 -0.4700
vn 0.0001 -0.0001 -1.0000
vn 0.3876 -0.0001 -0.9218
vn 0.3421 -0.4700 -0.8137
vn 0.0001 -0.5003 -0.8659
vn 0.3877 -0.0001 -0.9218
vn 0.7834 -0.0002 -0.6216
vn 0.6653 -0.5279 -0.5279
vn 0.3422 -0.4700 -0.8137
vn 1.0000 -0.0002 -0.0064
vn 0.7760 -0.6307 -0.0042
vn 0.7834 -0.0001 -0.6215
vn 0.3915 -0.9202 -0.0036
vn 0.3422 -0.8136 -0.4700
vn 0.0001 -1.0000 -0.0044
vn 0.0001 -0.8658 -0.5003
vn 0.3422 -0.8137 -0.4700
vn 0.0001 -0.8658 -0.5004
vn 0.0001 -0.5003 -0.8658
vn 0.3421 -0.4700 -0.8136
vn 0.3421 -0.8137 -0.4700
vn 0.3422 -0.4700 -0.8136
vn 0.0001 0.0001 -1.0000
vn 0.0001 0.5004 -0.8658
vn 0.3423 0.4700 -0.8136
vn 0.3876 0.0001 -0.9218
vn 0.0001 0.8658 -0.5004
vn 0.3424 0.8135 -0.4701
vn 0.0001 1.0000 -0.0046
vn 0.3931 0.9195 -0.0038
vn 0.3932 0.9195 -0.0038
vn 0.7783 0.6279 -0.0044
vn 0.6653 0.5279 -0.5279
vn 1.0000 0.0001 -0.0064
vn 0.7834 0.0002 -0.6215
vn 0.6654 0.5279 -0.5279
vn 0.7783 0.6278 -0.0043
vn 0.7833 0.0001 -0.6216
vn 0.3424 0.4700 -0.8136
vn 0.6653 0.5278 -0.5280
vn 0.3423 0.4700 -0.8135
vn 0.6653 0.5279 -0.5280
vn -0.0001 0.0001 -1.0000
vn -0.3876 0.0001 -0.9218
vn -0.3422 0.4699 -0.8137
vn -0.0001 0.5003 -0.8658
vn -0.3877 0.0001 -0.9218
vn -0.7833 0.0001 -0.6216
vn -0.6653 0.5278 -0.5280
vn -1.0000 0.0002 -0.0064
vn -0.7783 0.6279 -0.0044
vn -0.7834 0.0001 -0.6215
vn -0.7782 0.6280 -0.0043
vn -0.3932 0.9195 -0.0038
vn -0.3423 0.8136 -0.4701
vn -0.0001 1.0000 -0.0046
vn -0.0001 0.8658 -0.5004
vn -0.3423 0.8136 -0.4700
vn -0.3931 0.9195 -0.0037
vn -0.0001 0.5004 -0.8658
vn -0.3422 0.4700 -0.8136
vn -1.0000 -0.0001 -0.0066
vn -0.7729 -0.6345 -0.0050
vn -0.3828 -0.7865 -0.4847
vn -0.7781 -0.0002 -0.6281
vn -0.7729 -0.6345 -0.0049
vn -0.3897 -0.9209 -0.0024
vn -0.2368 -0.9154 -0.3256
vn -0.3827 -0.7865 -0.4847
vn -0.0001 -1.0000 -0.0001
vn -0.0017 -0.8647 -0.5023
vn -0.2368 -0.9154 -0.3255
vn -0.0031 -0.5133 -0.8582
vn -0.3494 -0.7789 -0.5209
vn -0.2369 -0.9154 -0.3255
vn -0.0037 -0.0001 -1.0000
vn -0.3933 -0.0001 -0.9194
vn -0.3493 -0.7788 -0.5210
vn -0.7782 -0.0002 -0.6280
vn -0.3494 -0.7788 -0.5209
vn -0.2369 -0.9154 -0.3256
vn 1.0000 -0.0001 -0.0067
vn 0.7782 -0.0002 -0.6281
vn 0.3829 -0.7864 -0.4847
vn 0.7729 -0.6345 -0.0050
vn 0.7782 -0.0002 -0.6280
vn 0.3932 -0.0001 -0.9194
vn 0.3495 -0.7789 -0.5208
vn 0.3828 -0.7864 -0.4847
vn 0.0038 -0.0000 -1.0000
vn 0.0031 -0.5133 -0.8582
vn 0.3494 -0.7788 -0.5209
vn 0.3933 -0.0001 -0.9194
vn 0.0030 -0.5133 -0.8582
vn 0.0017 -0.8647 -0.5023
vn 0.2370 -0.9154 -0.3255
vn 0.3494 -0.7789 -0.5208
vn 0.0001 -1.0000 -0.0001
vn 0.3897 -0.9210 -0.0024
vn 0.2369 -0.9154 -0.3255
vn 0.3828 -0.7865 -0.4847
vn 0.0021 0.0024 -1.0000
vn 0.3936 -0.0000 -0.9193
vn 0.2370 0.3253 -0.9154
vn -0.0000 0.5140 -0.8578
vn 0.7777 0.0001 -0.6286
vn 0.3825 0.4848 -0.7865
vn 1.0000 0.0002 -0.0066
vn 0.7775 0.6288 -0.0104
vn 0.7777 0.0001 -0.6287
vn 0.7775 0.6288 -0.0103
vn 0.3939 0.9191 -0.0089
vn 0.3497 0.5206 -0.7789
vn 0.3825 0.4849 -0.7865
vn 0.0001 1.0000 -0.0051
vn 0.0001 0.8575 -0.5146
vn 0.3496 0.5206 -0.7789
vn -0.0000 0.8575 -0.5145
vn 0.0001 0.5140 -0.8578
vn 0.3496 0.5205 -0.7790
vn -0.0000 1.0000 -0.0051
vn -0.3939 0.9191 -0.0089
vn -0.3492 0.5206 -0.7791
vn -0.0001 0.8575 -0.5146
vn -0.7775 0.6288 -0.0103
vn -0.3824 0.4849 -0.7865
vn -1.0000 0.0001 -0.0067
vn -0.7776 0.0002 -0.6287
vn -0.3824 0.4848 -0.7866
vn -0.7775 0.6288 -0.0104
vn -0.7776 0.0001 -0.6287
vn -0.3936 0.0001 -0.9193
vn -0.2371 0.3253 -0.9154
vn -0.0021 0.0024 -1.0000
vn -0.2371 0.3252 -0.9154
vn -0.0001 0.8575 -0.5145
vn -0.3492 0.5205 -0.7792
vn -1.0000 -0.0001 -0.0067
vn -0.7834 -0.0002 -0.6215
vn -0.6654 -0.5279 -0.5278
vn -0.7834 -0.6214 -0.0051
vn -0.7834 -0.0001 -0.6216
vn -0.3877 -0.0001 -0.9218
vn -0.3422 -0.4700 -0.8136
vn -0.6654 -0.5279 -0.5279
vn -0.0036 -0.0001 -1.0000
vn -0.0026 -0.5093 -0.8606
vn -0.3422 -0.4700 -0.8137
vn -0.0026 -0.8634 -0.5045
vn -0.3421 -0.4700 -0.8136
vn -0.0034 -1.0000 -0.0052
vn -0.3875 -0.9219 -0.0044
vn -0.3421 -0.8137 -0.4699
vn -0.0026 -0.8634 -0.5044
vn -0.3876 -0.9218 -0.0044
vn -0.7834 -0.6215 -0.0052
vn -0.6653 -0.5280 -0.5278
vn -1.0000 -0.0002 0.0067
vn -0.7835 -0.6214 0.0052
vn -0.6654 -0.5279 0.5278
vn -0.7834 -0.0001 0.6215
vn -0.7834 -0.6215 0.0051
vn -0.3876 -0.9218 0.0044
vn -0.3422 -0.8136 0.4700
vn -0.0034 -1.0000 0.0048
vn -0.0029 -0.8661 0.4999
vn -0.3421 -0.8137 0.4700
vn -0.3875 -0.9219 0.0044
vn -0.0029 -0.8660 0.5000
vn -0.0029 -0.4999 0.8661
vn -0.3422 -0.4700 0.8136
vn -0.0034 -0.0001 1.0000
vn -0.3877 -0.0001 0.9218
vn -0.7834 -0.0001 0.6216
vn -0.6653 -0.5279 0.5279
vn -0.0036 0.0049 -1.0000
vn -0.3874 0.0043 -0.9219
vn -0.3424 0.4699 -0.8136
vn -0.0029 0.4999 -0.8661
vn -0.7835 0.0050 -0.6214
vn -0.6655 0.5277 -0.5279
vn -1.0000 0.0065 -0.0067
vn -0.7835 0.6213 -0.0052
vn -0.6655 0.5277 -0.5278
vn -0.7835 0.0050 -0.6213
vn -0.7835 0.6214 -0.0052
vn -0.3875 0.9219 -0.0044
vn -0.3424 0.8136 -0.4700
vn -0.6655 0.5278 -0.5278
vn -0.0034 1.0000 -0.0049
vn -0.0029 0.8660 -0.4999
vn -0.3874 0.9219 -0.0044
vn -0.0029 0.8660 -0.5000
vn -0.0029 0.5000 -0.8660
vn -0.3424 0.4700 -0.8136
vn -0.6655 0.5278 -0.5279
vn -0.3424 0.8135 -0.4700
vn -1.0000 0.0065 0.0067
vn -0.7835 0.0050 0.6214
vn -0.6654 0.5278 0.5279
vn -0.7836 0.6213 0.0052
vn -0.3874 0.0043 0.9219
vn -0.3424 0.4699 0.8136
vn -0.0034 0.0048 1.0000
vn -0.0029 0.5000 0.8660
vn -0.3874 0.0042 0.9219
vn -0.0029 0.8660 0.5000
vn -0.3424 0.8136 0.4700
vn -0.0034 1.0000 0.0049
vn -0.3875 0.9219 0.0044
vn -0.3424 0.8136 0.4699
vn -0.0029 0.8661 0.4999
vn -0.7835 0.6214 0.0052
vn -0.6653 0.5279 0.5279
vn -0.6653 0.5278 0.5279
vn -0.3424 0.8135 0.4700
vn 1.0000 -0.0002 -0.0067
vn 0.7834 -0.6214 -0.0052
vn 0.7834 -0.6215 -0.0051
vn 0.3875 -0.9218 -0.0045
vn 0.0034 -1.0000 -0.0052
vn 0.0026 -0.8634 -0.5045
vn 0.3875 -0.9219 -0.0044
vn 0.0027 -0.5094 -0.8606
vn 0.0036 -0.0001 -1.0000
vn 0.0026 -0.5093 -0.8606
vn 1.0000 -0.0002 0.0068
vn 0.7834 -0.0001 0.6215
vn 0.6653 -0.5279 0.5279
vn 0.7835 -0.6214 0.0051
vn 0.7834 -0.0001 0.6216
vn 0.3876 -0.0001 0.9218
vn 0.3422 -0.4700 0.8136
vn 0.0034 -0.0001 1.0000
vn 0.0029 -0.4999 0.8661
vn 0.3422 -0.4700 0.8137
vn 0.0029 -0.5000 0.8660
vn 0.0029 -0.8661 0.4999
vn 0.3421 -0.8136 0.4700
vn 0.3421 -0.4700 0.8137
vn 0.0034 -1.0000 0.0048
vn 0.3875 -0.9218 0.0044
vn 0.3421 -0.8137 0.4700
vn 0.3876 -0.9218 0.0044
vn 0.7834 -0.6215 0.0052
vn 0.3422 -0.8137 0.4700
vn 0.3422 -0.4701 0.8136
vn 0.3422 -0.8136 0.4700
vn 0.0034 1.0000 0.0050
vn 0.0029 0.8660 0.5000
vn 0.3423 0.8136 0.4700
vn 0.3874 0.9219 0.0044
vn 0.0029 0.5000 0.8660
vn 0.3424 0.4700 0.8135
vn 0.0034 0.0047 1.0000
vn 0.3874 0.0043 0.9219
vn 0.3424 0.4699 0.8136
vn 0.0029 0.4999 0.8661
vn 0.7836 0.0050 0.6213
vn 0.6654 0.5278 0.5279
vn 0.3425 0.4699 0.8136
vn 1.0000 0.0065 0.0067
vn 0.7835 0.6213 0.0052
vn 0.7835 0.6214 0.0052
vn 0.3875 0.9219 0.0045
vn 0.6654 0.5279 0.5279
vn 0.3425 0.4700 0.8135
vn 0.6653 0.5279 0.5279
vn 0.0035 0.0049 -1.0000
vn 0.0029 0.4999 -0.8661
vn 0.3874 0.0042 -0.9219
vn 0.0029 0.5000 -0.8660
vn 0.0029 0.8660 -0.5000
vn 0.3422 0.8136 -0.4701
vn 0.0034 1.0000 -0.0049
vn 0.3875 0.9219 -0.0044
vn 0.3422 0.8136 -0.4700
vn 0.0029 0.8661 -0.4999
vn 0.7835 0.6214 -0.0052
vn 0.6654 0.5278 -0.5279
vn 1.0000 0.0064 -0.0068
vn 0.7836 0.0050 -0.6213
vn 0.7835 0.6213 -0.0052
vn 0.7835 0.0049 -0.6213
vn 0.3874 0.0043 -0.9219
vn -0.0077 -0.9999 0.0073
vn -0.4656 -0.8850 0.0063
vn -0.6014 -0.6671 0.4397
vn -0.0105 -0.8624 0.5062
vn -0.4656 -0.8850 0.0062
vn -0.8251 -0.5650 0.0027
vn -0.8154 -0.5505 0.1793
vn -0.6015 -0.6670 0.4397
vn -0.9995 -0.0098 0.0301
vn -0.6442 -0.0021 0.7648
vn -0.8154 -0.5505 0.1792
vn -0.8251 -0.5650 0.0026
vn -0.6443 -0.0020 0.7648
vn -0.2911 -0.0021 0.9567
vn -0.6486 -0.6119 0.4526
vn -0.0046 -0.0021 1.0000
vn -0.0106 -0.5089 0.8608
vn -0.6486 -0.6119 0.4527
vn -0.2911 -0.0022 0.9567
vn -0.0106 -0.5088 0.8608
vn -0.6014 -0.6670 0.4397
vn -0.8153 -0.5505 0.1793
vn -0.0046 0.0021 1.0000
vn -0.2911 0.0022 0.9567
vn -0.6486 0.6118 0.4528
vn -0.0106 0.5089 0.8608
vn -0.6443 0.0020 0.7648
vn -0.8153 0.5506 0.1794
vn -0.6486 0.6118 0.4527
vn -0.9995 0.0098 0.0301
vn -0.8251 0.5650 0.0026
vn -0.8153 0.5505 0.1794
vn -0.6442 0.0020 0.7648
vn -0.8250 0.5651 0.0027
vn -0.4656 0.8850 0.0062
vn -0.6016 0.6669 0.4396
vn -0.8153 0.5505 0.1795
vn -0.0077 0.9999 0.0073
vn -0.0105 0.8624 0.5062
vn -0.6015 0.6670 0.4396
vn -0.4657 0.8849 0.0063
vn -0.0105 0.8624 0.5061
vn -0.0106 0.5088 0.8608
vn -0.6015 0.6670 0.4397
vn -0.8153 0.5506 0.1795
vn -0.6016 0.6670 0.4396
vn -0.0046 0.0021 -1.0000
vn -0.0106 0.5089 -0.8608
vn -0.6484 0.6120 -0.4527
vn -0.2911 0.0022 -0.9567
vn -0.0106 0.5088 -0.8608
vn -0.0105 0.8624 -0.5062
vn -0.6015 0.6671 -0.4395
vn -0.0078 0.9999 -0.0073
vn -0.4657 0.8849 -0.0062
vn -0.8250 0.5651 -0.0027
vn -0.8153 0.5506 -0.1791
vn -0.9995 0.0098 -0.0301
vn -0.6442 0.0021 -0.7648
vn -0.8153 0.5506 -0.1790
vn -0.8251 0.5650 -0.0026
vn -0.6443 0.0020 -0.7648
vn -0.2911 0.0021 -0.9567
vn -0.6485 0.6120 -0.4527
vn -0.6016 0.6671 -0.4395
vn -0.0078 -0.9999 -0.0073
vn -0.0105 -0.8624 -0.5061
vn -0.6015 -0.6669 -0.4398
vn -0.4657 -0.8849 -0.0063
vn -0.0106 -0.5088 -0.8608
vn -0.6485 -0.6119 -0.4527
vn -0.6015 -0.6668 -0.4399
vn -0.0046 -0.0021 -1.0000
vn -0.2911 -0.0022 -0.9567
vn -0.6486 -0.6119 -0.4527
vn -0.0106 -0.5089 -0.8608
vn -0.6443 -0.0020 -0.7648
vn -0.8154 -0.5505 -0.1792
vn -0.9995 -0.0098 -0.0301
vn -0.8251 -0.5650 -0.0026
vn -0.8154 -0.5504 -0.1793
vn -0.8251 -0.5650 -0.0027
vn -0.4656 -0.8850 -0.0063
vn -0.6016 -0.6668 -0.4399
vn -0.8154 -0.5505 -0.1793
vn 0.0100 0.9999 -0.0103
vn 0.0129 0.8632 -0.5047
vn 0.5669 0.7444 -0.3529
vn 0.4595 0.8881 -0.0075
vn 0.0134 0.5113 -0.8593
vn 0.6531 0.6592 -0.3727
vn 0.0024 0.0034 -1.0000
vn 0.1189 0.0033 -0.9929
vn 0.1189 0.0034 -0.9929
vn 0.3093 0.0041 -0.9509
vn 0.7733 0.6266 0.0974
vn 0.6531 0.6592 -0.3728
vn 0.9996 0.0099 -0.0259
vn 0.8202 0.5721 -0.0009
vn 0.7733 0.6265 0.0974
vn 0.3093 0.0040 -0.9509
vn 0.8202 0.5721 -0.0010
vn 0.4596 0.8881 -0.0075
vn 0.7733 0.6266 0.0973
vn 0.5669 0.7444 -0.3528
vn 0.7732 0.6266 0.0973
vn 0.0024 -0.0034 -1.0000
vn 0.0134 -0.5111 -0.8594
vn 0.6531 -0.6590 -0.3731
vn 0.1189 -0.0034 -0.9929
vn 0.0129 -0.8632 -0.5046
vn 0.5668 -0.7444 -0.3529
vn 0.6530 -0.6590 -0.3731
vn 0.0099 -0.9999 -0.0102
vn 0.4594 -0.8882 -0.0075
vn 0.5668 -0.7445 -0.3529
vn 0.4594 -0.8882 -0.0074
vn 0.8202 -0.5720 -0.0010
vn 0.7731 -0.6267 0.0978
vn 0.5669 -0.7444 -0.3529
vn 0.9996 -0.0099 -0.0260
vn 0.3093 -0.0041 -0.9510
vn 0.7731 -0.6266 0.0979
vn 0.8203 -0.5720 -0.0009
vn 0.3094 -0.0040 -0.9509
vn 0.7731 -0.6267 0.0979
vn 0.0024 -0.0034 1.0000
vn 0.1189 -0.0033 0.9929
vn 0.6530 -0.6591 0.3732
vn 0.0134 -0.5111 0.8594
vn 0.3093 -0.0041 0.9510
vn 0.7731 -0.6267 -0.0975
vn 0.6529 -0.6591 0.3732
vn 0.9996 -0.0099 0.0259
vn 0.8203 -0.5720 0.0009
vn 0.3093 -0.0040 0.9509
vn 0.8202 -0.5720 0.0010
vn 0.4594 -0.8882 0.0075
vn 0.5668 -0.7444 0.3530
vn 0.7731 -0.6268 -0.0974
vn 0.0099 -0.9999 0.0103
vn 0.0129 -0.8633 0.5046
vn 0.5667 -0.7445 0.3530
vn 0.0100 0.9999 0.0102
vn 0.4595 0.8881 0.0075
vn 0.5669 0.7443 0.3530
vn 0.0129 0.8632 0.5048
vn 0.4596 0.8881 0.0074
vn 0.8202 0.5721 0.0010
vn 0.7733 0.6265 -0.0973
vn 0.5670 0.7443 0.3530
vn 0.9996 0.0099 0.0259
vn 0.3093 0.0040 0.9509
vn 0.7733 0.6265 -0.0975
vn 0.8202 0.5721 0.0009
vn 0.3093 0.0041 0.9510
vn 0.1189 0.0034 0.9929
vn 0.6530 0.6590 0.3732
vn 0.0024 0.0033 1.0000
vn 0.0134 0.5113 0.8593
vn 0.6530 0.6590 0.3731
vn 0.0075 -0.9999 -0.0073
vn 0.0032 -0.8620 -0.5068
vn 0.2651 -0.8129 -0.5186
vn 0.4513 -0.8923 -0.0054
vn 0.0031 -0.8620 -0.5069
vn 0.0022 -0.5054 -0.8629
vn 0.1621 -0.4625 -0.8717
vn 0.0018 -0.0022 -1.0000
vn 0.1140 -0.0021 -0.9935
vn 0.1621 -0.4624 -0.8718
vn 0.0022 -0.5053 -0.8629
vn 0.1141 -0.0021 -0.9935
vn 0.3030 -0.0028 -0.9530
vn 0.4763 -0.5525 -0.6840
vn 0.1621 -0.4624 -0.8717
vn 0.9992 -0.0127 -0.0372
vn 0.8168 -0.5769 -0.0058
vn 0.8167 -0.5770 -0.0059
vn 0.4513 -0.8923 -0.0055
vn 0.2652 -0.8129 -0.5186
vn 0.2652 -0.8128 -0.5187
vn 0.9992 -0.0127 0.0372
vn 0.3030 -0.0028 0.9530
vn 0.4763 -0.5526 0.6839
vn 0.8168 -0.5770 0.0058
vn 0.3031 -0.0029 0.9530
vn 0.1141 -0.0021 0.9935
vn 0.1621 -0.4623 0.8718
vn 0.4763 -0.5526 0.6840
vn 0.0018 -0.0021 1.0000
vn 0.0022 -0.5053 0.8629
vn 0.1620 -0.4623 0.8718
vn 0.0022 -0.5054 0.8629
vn 0.0031 -0.8620 0.5069
vn 0.2652 -0.8129 0.5185
vn 0.1620 -0.4624 0.8717
vn 0.0075 -0.9999 0.0073
vn 0.4513 -0.8923 0.0055
vn 0.2652 -0.8130 0.5184
vn 0.0032 -0.8620 0.5068
vn 0.8167 -0.5770 0.0059
vn 0.2653 -0.8129 0.5184
vn 0.4762 -0.5526 0.6840
vn 0.1621 -0.4624 0.8717
vn 0.0018 0.0022 -1.0000
vn 0.0022 0.5053 -0.8629
vn 0.1619 0.4623 -0.8718
vn 0.1141 0.0021 -0.9935
vn 0.0022 0.5054 -0.8629
vn 0.0031 0.8620 -0.5069
vn 0.2651 0.8128 -0.5188
vn 0.1619 0.4624 -0.8718
vn 0.0075 0.9999 -0.0073
vn 0.4513 0.8924 -0.0055
vn 0.2651 0.8128 -0.5187
vn 0.4513 0.8923 -0.0055
vn 0.8167 0.5770 -0.0059
vn 0.4762 0.5526 -0.6841
vn 0.2652 0.8128 -0.5187
vn 0.9992 0.0127 -0.0372
vn 0.3030 0.0028 -0.9530
vn 0.4762 0.5525 -0.6841
vn 0.3030 0.0029 -0.9530
vn 0.4761 0.5525 -0.6841
vn 0.2651 0.8127 -0.5188
vn 0.4761 0.5526 -0.6841
vn 0.9992 0.0126 0.0372
vn 0.8168 0.5769 0.0058
vn 0.4763 0.5526 0.6840
vn 0.3030 0.0028 0.9530
vn 0.8167 0.5770 0.0059
vn 0.4513 0.8923 0.0055
vn 0.2652 0.8129 0.5186
vn 0.4763 0.5526 0.6839
vn 0.0075 0.9999 0.0073
vn 0.0032 0.8620 0.5068
vn 0.0031 0.8620 0.5069
vn 0.0022 0.5054 0.8629
vn 0.1621 0.4625 0.8717
vn 0.0018 0.0021 1.0000
vn 0.1141 0.0021 0.9935
vn 0.1621 0.4624 0.8717
vn 0.0022 0.5053 0.8629
vn -0.0057 0.9999 -0.0134
vn -0.0055 0.8613 -0.5080
vn -0.2380 0.7438 -0.6246
vn -0.3433 0.8767 -0.3371
vn -0.0055 0.8613 -0.5081
vn -0.0049 0.5121 -0.8589
vn -0.1996 0.4530 -0.8689
vn -0.2379 0.7438 -0.6246
vn -0.0056 0.0036 -1.0000
vn -0.2451 0.0023 -0.9695
vn -0.1996 0.4529 -0.8689
vn -0.4648 0.0023 -0.8854
vn -0.4309 0.4536 -0.7801
vn -0.1997 0.4529 -0.8689
vn -0.7164 0.0039 -0.6976
vn -0.6026 0.5423 -0.5854
vn -0.6026 0.5424 -0.5854
vn -0.3434 0.8766 -0.3371
vn -0.4309 0.4537 -0.7800
vn -0.1997 0.4530 -0.8689
vn -0.4309 0.4537 -0.7801
vn -0.7164 -0.0039 -0.6977
vn -0.4647 -0.0025 -0.8855
vn -0.4438 -0.3905 -0.8065
vn -0.6028 -0.5425 -0.5851
vn -0.4646 -0.0025 -0.8855
vn -0.2454 -0.0025 -0.9694
vn -0.2175 -0.3827 -0.8979
vn -0.0056 -0.0034 -1.0000
vn -0.0048 -0.5049 -0.8632
vn -0.2175 -0.3828 -0.8979
vn -0.2453 -0.0025 -0.9694
vn -0.0048 -0.5049 -0.8631
vn -0.0044 -0.8619 -0.5070
vn -0.2471 -0.7320 -0.6349
vn -0.0060 -0.9999 -0.0140
vn -0.3457 -0.8755 -0.3375
vn -0.2471 -0.7321 -0.6348
vn -0.0045 -0.8620 -0.5070
vn -0.3458 -0.8755 -0.3376
vn -0.4438 -0.3906 -0.8065
vn -0.2471 -0.7320 -0.6348
vn -0.0047 -0.0032 1.0000
vn -0.3902 -0.0028 0.9207
vn -0.3338 -0.4910 0.8046
vn -0.0038 -0.4999 0.8661
vn -0.7831 -0.0034 0.6219
vn -0.6508 -0.5690 0.5028
vn -0.3339 -0.4910 0.8046
vn -0.9385 -0.0059 0.3453
vn -0.7485 -0.6516 0.1231
vn -0.6508 -0.5689 0.5027
vn -0.7831 -0.0034 0.6218
vn -0.7485 -0.6516 0.1230
vn -0.3615 -0.9256 0.1120
vn -0.3284 -0.8291 0.4525
vn -0.6508 -0.5690 0.5027
vn -0.0041 -0.9960 0.0889
vn -0.0038 -0.8662 0.4997
vn -0.0038 -0.5000 0.8660
vn -0.3338 -0.4911 0.8046
vn -0.3339 -0.4911 0.8046
vn -0.3284 -0.8291 0.4526
vn -0.9383 0.0063 0.3458
vn -0.7830 0.0041 0.6221
vn -0.6612 0.5462 0.5143
vn -0.7535 0.6435 0.1343
vn -0.7829 0.0041 0.6221
vn -0.3902 0.0034 0.9207
vn -0.3302 0.4761 0.8151
vn -0.6612 0.5461 0.5144
vn -0.0047 0.0034 1.0000
vn -0.0039 0.5064 0.8623
vn -0.3302 0.4760 0.8151
vn -0.3902 0.0033 0.9207
vn -0.0039 0.8624 0.5061
vn -0.3225 0.8317 0.4521
vn -0.0043 0.9955 0.0942
vn -0.3650 0.9240 0.1139
vn -0.3225 0.8317 0.4520
vn -0.0039 0.8625 0.5061
vn -0.3651 0.9240 0.1139
vn -0.7535 0.6436 0.1343
vn -0.3302 0.4761 0.8150
vn -0.3225 0.8316 0.4521
vn -0.7260 0.0039 -0.6876
vn -0.8747 0.0025 -0.4846
vn -0.7517 0.4626 -0.4701
vn -0.6086 0.5423 -0.5792
vn -0.8748 0.0025 -0.4845
vn -0.9535 0.0026 -0.3014
vn -0.8237 0.5219 -0.2216
vn -0.9827 0.0045 -0.1854
vn -0.7784 0.6248 -0.0604
vn -0.8237 0.5220 -0.2216
vn -0.9535 0.0026 -0.3013
vn -0.7784 0.6249 -0.0604
vn -0.3833 0.9226 -0.0444
vn -0.5295 0.8123 -0.2444
vn -0.8236 0.5221 -0.2216
vn -0.0058 1.0000 -0.0051
vn -0.3473 0.8780 -0.3295
vn -0.3832 0.9226 -0.0444
vn -0.3474 0.8779 -0.3296
vn -0.6086 0.5424 -0.5792
vn -0.5295 0.8123 -0.2445
vn -0.7517 0.4626 -0.4700
vn -0.8236 0.5220 -0.2216
vn -0.9827 -0.0045 -0.1854
vn -0.9535 -0.0026 -0.3013
vn -0.8239 -0.5216 -0.2218
vn -0.7812 -0.6206 -0.0684
vn -0.9535 -0.0025 -0.3014
vn -0.8748 -0.0024 -0.4845
vn -0.7520 -0.4620 -0.4702
vn -0.7260 -0.0039 -0.6876
vn -0.6078 -0.5437 -0.5787
vn -0.7519 -0.4620 -0.4702
vn -0.8748 -0.0025 -0.4846
vn -0.6078 -0.5438 -0.5787
vn -0.3492 -0.8763 -0.3319
vn -0.5297 -0.8122 -0.2445
vn -0.7519 -0.4621 -0.4702
vn -0.0061 -1.0000 -0.0054
vn -0.3823 -0.9227 -0.0495
vn -0.5297 -0.8122 -0.2444
vn -0.3492 -0.8764 -0.3317
vn -0.3824 -0.9227 -0.0495
vn -0.7811 -0.6207 -0.0683
vn -0.8239 -0.5216 -0.2217
vn -0.8238 -0.5216 -0.2218
vn -0.7520 -0.4621 -0.4702
vn -1.0000 -0.0022 -0.0000
vn -0.9646 -0.0022 -0.2636
vn -0.7609 -0.6146 -0.2079
vn -0.7839 -0.6209 -0.0000
vn -0.7838 -0.6210 -0.0000
vn -0.7609 -0.6147 -0.2079
vn -0.3808 -0.9188 -0.1041
vn -0.3893 -0.9211 -0.0000
vn -0.0010 -1.0000 -0.0003
vn -0.0010 -1.0000 -0.0000
vn -0.8692 -0.0021 -0.4945
vn -0.6969 -0.5976 -0.3965
vn -0.6968 -0.5977 -0.3965
vn -0.3562 -0.9122 -0.2026
vn -0.0009 -1.0000 -0.0005
vn -0.7367 -0.0020 -0.6762
vn -0.6030 -0.5745 -0.5535
vn -0.6030 -0.5746 -0.5534
vn -0.3172 -0.9026 -0.2911
vn -0.0008 -1.0000 -0.0008
vn -0.5885 -0.0018 -0.8085
vn -0.4914 -0.5505 -0.6749
vn -0.4913 -0.5506 -0.6749
vn -0.2665 -0.8916 -0.3660
vn -0.0007 -1.0000 -0.0010
vn -0.4374 -0.0017 -0.8993
vn -0.3711 -0.5292 -0.7630
vn -0.3711 -0.5293 -0.7629
vn -0.2069 -0.8811 -0.4253
vn -0.0006 -1.0000 -0.0012
vn -0.2887 -0.0017 -0.9574
vn -0.2478 -0.5130 -0.8218
vn -0.2478 -0.5131 -0.8218
vn -0.1411 -0.8724 -0.4679
vn -0.0004 -1.0000 -0.0013
vn -0.1433 -0.0016 -0.9897
vn -0.1239 -0.5030 -0.8554
vn -0.1238 -0.5031 -0.8553
vn -0.0715 -0.8668 -0.4935
vn -0.0002 -1.0000 -0.0014
vn -0.0000 -0.0016 -1.0000
vn -0.0000 -0.4996 -0.8663
vn -0.0000 -0.4997 -0.8662
vn -0.0000 -0.8648 -0.5021
vn -0.0000 -1.0000 -0.0014
vn 0.1433 -0.0016 -0.9897
vn 0.1239 -0.5030 -0.8554
vn 0.0715 -0.8668 -0.4935
vn 0.0002 -1.0000 -0.0014
vn 0.2887 -0.0017 -0.9574
vn 0.2478 -0.5130 -0.8218
vn 0.1411 -0.8724 -0.4679
vn 0.0004 -1.0000 -0.0013
vn 0.4374 -0.0018 -0.8992
vn 0.3711 -0.5293 -0.7630
vn 0.2069 -0.8811 -0.4253
vn 0.0006 -1.0000 -0.0012
vn 0.5886 -0.0019 -0.8084
vn 0.4913 -0.5505 -0.6749
vn 0.2665 -0.8916 -0.3660
vn 0.0007 -1.0000 -0.0010
vn 0.7367 -0.0020 -0.6762
vn 0.6030 -0.5745 -0.5534
vn 0.3172 -0.9026 -0.2911
vn 0.0008 -1.0000 -0.0008
vn 0.8692 -0.0021 -0.4945
vn 0.6969 -0.5976 -0.3965
vn 0.6969 -0.5977 -0.3965
vn 0.3562 -0.9122 -0.2026
vn 0.0009 -1.0000 -0.0005
vn 0.9646 -0.0022 -0.2635
vn 0.7610 -0.6146 -0.2079
vn 0.7609 -0.6147 -0.2079
vn 0.3808 -0.9188 -0.1041
vn 0.0010 -1.0000 -0.0003
vn 1.0000 -0.0022 -0.0000
vn 0.7839 -0.6209 -0.0000
vn 0.7838 -0.6211 -0.0000
vn 0.3893 -0.9211 -0.0000
vn 0.0010 -1.0000 -0.0000
vn 0.9646 -0.0022 0.2636
vn 0.7609 -0.6146 0.2079
vn 0.7609 -0.6147 0.2079
vn 0.3808 -0.9188 0.1041
vn 0.0010 -1.0000 0.0003
vn 0.8692 -0.0021 0.4945
vn 0.6969 -0.5976 0.3965
vn 0.6968 -0.5977 0.3965
vn 0.3562 -0.9122 0.2026
vn 0.0009 -1.0000 0.0005
vn 0.7367 -0.0020 0.6762
vn 0.6030 -0.5745 0.5535
vn 0.6030 -0.5746 0.5534
vn 0.3172 -0.9026 0.2911
vn 0.0008 -1.0000 0.0008
vn 0.5885 -0.0019 0.8085
vn 0.4913 -0.5505 0.6749
vn 0.2665 -0.8916 0.3660
vn 0.0007 -1.0000 0.0010
vn 0.4374 -0.0017 0.8993
vn 0.3711 -0.5293 0.7630
vn 0.2069 -0.8811 0.4253
vn 0.0006 -1.0000 0.0012
vn 0.2887 -0.0017 0.9574
vn 0.2478 -0.5130 0.8218
vn 0.1411 -0.8724 0.4679
vn 0.0004 -1.0000 0.0013
vn 0.1433 -0.0016 0.9897
vn 0.1239 -0.5030 0.8554
vn 0.0715 -0.8668 0.4935
vn 0.0002 -1.0000 0.0014
vn -0.0000 -0.0016 1.0000
vn -0.0000 -0.4997 0.8662
vn -0.0000 -0.8648 0.5021
vn -0.0000 -1.0000 0.0014
vn -0.1433 -0.0016 0.9897
vn -0.1239 -0.5030 0.8554
vn -0.1239 -0.5031 0.8553
vn -0.0715 -0.8668 0.4935
vn -0.0002 -1.0000 0.0014
vn -0.2887 -0.0017 0.9574
vn -0.2478 -0.5130 0.8218
vn -0.1411 -0.8724 0.4679
vn -0.0004 -1.0000 0.0013
vn -0.4374 -0.0017 0.8993
vn -0.3711 -0.5293 0.7630
vn -0.2069 -0.8811 0.4253
vn -0.0006 -1.0000 0.0012
vn -0.5885 -0.0018 0.8085
vn -0.4913 -0.5506 0.6749
vn -0.2665 -0.8916 0.3660
vn -0.0007 -1.0000 0.0010
vn -0.7367 -0.0020 0.6762
vn -0.6030 -0.5746 0.5534
vn -0.3172 -0.9026 0.2911
vn -0.0008 -1.0000 0.0007
vn -0.8692 -0.0021 0.4945
vn -0.6969 -0.5976 0.3965
vn -0.3562 -0.9122 0.2026
vn -0.0009 -1.0000 0.0005
vn -0.9646 -0.0022 0.2636
vn -0.7609 -0.6146 0.2079
vn -0.7609 -0.6147 0.2079
vn -0.3808 -0.9188 0.1041
vn -0.0010 -1.0000 0.0003
vn -0.0001 1.0000 -0.0047
vn 0.0001 1.0000 -0.0047
vn 0.0001 0.8658 -0.5003
vn -0.0000 0.8658 -0.5003
vn -0.0000 0.8658 -0.5004
vn 0.0001 0.5003 -0.8658
vn -0.0000 -1.0000 -0.0044
vn -0.0000 -0.8659 -0.5003
vn -0.0000 -0.8658 -0.5004
vn -0.0000 -0.5003 -0.8658
vn -0.0001 -0.5003 -0.8659
vn -0.0001 -0.0002 -1.0000
vn 0.0001 -0.0002 -1.0000
vn -0.0020 0.0024 -1.0000
vn -0.0000 0.5141 -0.8577
vn -0.0000 0.5141 -0.8578
vn 0.0001 0.8574 -0.5146
vn 0.0001 0.8575 -0.5145
vn 0.0001 1.0000 -0.0052
vn -0.0001 1.0000 -0.0052
vn 0.3931 0.9195 -0.0037
vn 0.3932 0.9195 -0.0037
vn 0.3940 0.9191 -0.0089
vn 0.7783 0.6279 -0.0043
vn 1.0000 0.0002 -0.0067
vn 1.0000 0.0002 -0.0064
vn -0.0001 1.0000 -0.0051
vn -0.3940 0.9191 -0.0089
vn -0.3932 0.9195 -0.0037
vn -0.7774 0.6289 -0.0103
vn -0.7783 0.6279 -0.0043
vn -1.0000 0.0002 -0.0067
vn -1.0000 -0.0002 -0.0067
vn -0.7759 -0.6308 -0.0042
vn -0.3916 -0.9201 -0.0035
vn -0.3897 -0.9210 -0.0024
vn -0.3915 -0.9202 -0.0035
vn 0.7730 -0.6344 -0.0050
vn 0.7761 -0.6307 -0.0042
vn 0.3897 -0.9209 -0.0024
vn 0.3916 -0.9201 -0.0035
vn 0.3915 -0.9202 -0.0035
vn 0.0001 -1.0000 -0.0043
vn -0.0000 -0.0002 1.0000
vn -0.0000 -0.5000 0.8661
vn -0.0000 -0.5000 0.8660
vn -0.0000 -0.8660 0.5000
vn -0.0000 -0.8661 0.5000
vn -0.0000 -1.0000 0.0049
vn -1.0000 -0.0000 -0.0068
vn -1.0000 0.0064 -0.0068
vn -0.7835 0.0049 -0.6213
vn -0.7835 -0.0000 -0.6214
vn -0.7835 0.0049 -0.6214
vn -0.3875 0.0042 -0.9219
vn -0.3876 -0.0000 -0.9218
vn -0.3875 -0.0000 -0.9219
vn -0.3874 0.0042 -0.9219
vn -0.0036 0.0001 -1.0000
vn -0.0000 1.0000 -0.0050
vn 0.0001 0.8660 -0.5001
vn -0.0000 0.8659 -0.5002
vn -0.0000 0.5001 -0.8659
vn -0.0000 0.5001 -0.8660
vn -0.0000 0.0050 -1.0000
vn -0.7835 -0.6214 -0.0051
vn -0.7835 -0.6214 0.0051
vn -0.7834 -0.6215 -0.0051
vn -0.0034 -1.0000 -0.0051
vn -0.0038 -0.0002 -1.0000
vn -0.0031 -0.5132 -0.8583
vn -0.0026 -0.5094 -0.8605
vn -0.0025 -0.8634 -0.5045
vn -0.0025 -0.8635 -0.5044
vn -0.0017 -0.8647 -0.5022
vn -0.0000 -1.0000 -0.0001
vn -0.0034 -1.0000 0.0049
vn -0.0000 -0.5001 0.8660
vn -0.0029 -0.5000 0.8660
vn -0.0000 -0.0001 1.0000
vn -0.0034 -0.0002 1.0000
vn -0.0000 1.0000 -0.0049
vn -0.0000 0.8660 -0.5001
vn -0.0000 0.0048 1.0000
vn -0.0000 0.5001 0.8660
vn -0.0000 0.5001 0.8659
vn -0.0000 0.8659 0.5002
vn -0.0000 0.8660 0.5001
vn -0.0001 0.8660 0.5001
vn -0.0000 1.0000 0.0049
vn -0.7835 0.6213 0.0051
vn -0.7835 0.6213 -0.0051
vn -0.7835 0.6214 -0.0051
vn -0.7835 0.6214 0.0051
vn -0.3874 0.9219 0.0044
vn -0.0035 0.0049 -1.0000
vn -0.0000 1.0000 0.0050
vn -0.0029 0.4999 0.8661
vn -0.0034 0.0047 1.0000
vn -0.0001 0.0048 1.0000
vn -1.0000 0.0064 0.0068
vn -1.0000 0.0001 0.0068
vn -0.7835 -0.0000 0.6214
vn -0.7835 0.0049 0.6213
vn -0.7835 0.0049 0.6214
vn -0.7835 -0.0000 0.6215
vn -0.3876 -0.0000 0.9218
vn -0.3875 -0.0000 0.9219
vn -0.0035 -0.0000 1.0000
vn -0.0035 0.0047 1.0000
vn 1.0000 -0.0002 0.0067
vn 0.7835 -0.6214 -0.0051
vn 0.7834 -0.6215 0.0051
vn 0.3876 -0.9218 -0.0044
vn 0.3875 -0.9219 0.0044
vn 0.0034 -1.0000 -0.0051
vn 1.0000 0.0065 -0.0067
vn 0.7835 0.6213 -0.0051
vn 0.7835 0.6213 0.0051
vn 0.7835 0.6214 0.0051
vn 0.7835 0.6214 -0.0051
vn 0.3875 0.9219 0.0044
vn 0.3874 0.9219 -0.0044
vn 0.0034 1.0000 0.0049
vn 0.0035 0.0047 1.0000
vn 0.0035 0.0001 1.0000
vn 0.3875 -0.0000 0.9219
vn 0.3874 0.0042 0.9219
vn 0.7835 -0.0000 0.6214
vn 0.7835 0.0049 0.6213
vn 0.7836 0.0049 0.6213
vn 1.0000 -0.0000 0.0068
vn 1.0000 0.0064 0.0067
vn 1.0000 0.0064 -0.0067
vn 1.0000 -0.0000 -0.0068
vn 0.7835 -0.0000 -0.6214
vn 0.7836 0.0049 -0.6213
vn 0.3875 -0.0000 -0.9219
vn 0.0036 -0.0000 -1.0000
vn 0.0036 0.0049 -1.0000
vn 0.0034 -1.0000 0.0049
vn 0.0029 -0.4999 0.8660
vn 0.0034 -0.0002 1.0000
vn 0.0017 -0.8647 -0.5022
vn 0.0025 -0.8635 -0.5044
vn 0.0025 -0.8634 -0.5045
vn 0.0026 -0.5094 -0.8605
vn 0.0031 -0.5132 -0.8583
vn 0.0038 -0.0002 -1.0000
vn -0.7608 -0.6147 -0.2079
vn -0.7838 -0.6211 -0.0000
vn -0.7837 -0.6212 -0.0000
vn -0.7608 -0.6148 -0.2079
vn -0.3810 -0.9187 -0.1041
vn -0.3894 -0.9211 -0.0000
vn -0.6967 -0.5978 -0.3965
vn -0.3563 -0.9121 -0.2027
vn -0.6029 -0.5747 -0.5534
vn -0.6028 -0.5747 -0.5534
vn -0.3173 -0.9025 -0.2912
vn -0.5885 -0.0019 -0.8085
vn -0.4913 -0.5507 -0.6748
vn -0.2665 -0.8916 -0.3661
vn -0.4374 -0.0018 -0.8993
vn -0.3711 -0.5294 -0.7629
vn -0.2069 -0.8810 -0.4254
vn -0.2477 -0.5132 -0.8217
vn -0.1411 -0.8723 -0.4681
vn -0.1433 -0.0017 -0.9897
vn -0.1238 -0.5032 -0.8553
vn -0.0715 -0.8667 -0.4937
vn -0.0002 -1.0000 -0.0013
vn -0.0000 -0.4998 -0.8662
vn -0.0000 -0.8647 -0.5022
vn 0.1433 -0.0017 -0.9897
vn 0.1239 -0.5031 -0.8553
vn 0.1239 -0.5032 -0.8553
vn 0.0715 -0.8667 -0.4937
vn 0.2478 -0.5131 -0.8218
vn 0.2478 -0.5132 -0.8217
vn 0.1412 -0.8723 -0.4681
vn 0.4374 -0.0018 -0.8993
vn 0.3712 -0.5293 -0.7629
vn 0.3711 -0.5294 -0.7629
vn 0.2070 -0.8810 -0.4255
vn 0.0006 -1.0000 -0.0011
vn 0.5885 -0.0019 -0.8085
vn 0.4914 -0.5506 -0.6748
vn 0.4913 -0.5506 -0.6748
vn 0.2666 -0.8915 -0.3661
vn 0.6029 -0.5746 -0.5534
vn 0.6029 -0.5747 -0.5534
vn 0.3174 -0.9025 -0.2912
vn 0.6968 -0.5978 -0.3964
vn 0.3564 -0.9121 -0.2027
vn 0.7608 -0.6148 -0.2079
vn 0.3810 -0.9187 -0.1041
vn 0.7837 -0.6212 -0.0000
vn 0.7836 -0.6212 -0.0000
vn 0.3894 -0.9211 -0.0000
vn 0.9646 -0.0022 0.2635
vn 0.7608 -0.6148 0.2079
vn 0.3810 -0.9187 0.1041
vn 0.8691 -0.0021 0.4946
vn 0.6968 -0.5978 0.3965
vn 0.3563 -0.9121 0.2027
vn 0.6029 -0.5747 0.5534
vn 0.6028 -0.5747 0.5534
vn 0.3173 -0.9025 0.2912
vn 0.5885 -0.0018 0.8085
vn 0.4913 -0.5506 0.6749
vn 0.4913 -0.5507 0.6748
vn 0.2666 -0.8916 0.3662
vn 0.4374 -0.0018 0.8993
vn 0.3711 -0.5293 0.7629
vn 0.3711 -0.5294 0.7629
vn 0.2069 -0.8810 0.4255
vn 0.2478 -0.5131 0.8218
vn 0.2478 -0.5132 0.8217
vn 0.1411 -0.8723 0.4681
vn 0.1433 -0.0017 0.9897
vn 0.1239 -0.5031 0.8553
vn 0.1238 -0.5032 0.8553
vn 0.0715 -0.8667 0.4937
vn -0.0000 -0.4998 0.8662
vn -0.0000 -0.8647 0.5022
vn -0.1433 -0.0017 0.9897
vn -0.1238 -0.5031 0.8553
vn -0.1238 -0.5032 0.8553
vn -0.0715 -0.8667 0.4937
vn -0.2478 -0.5131 0.8218
vn -0.2478 -0.5132 0.8217
vn -0.1411 -0.8724 0.4681
vn -0.4374 -0.0018 0.8993
vn -0.3711 -0.5293 0.7629
vn -0.3711 -0.5294 0.7629
vn -0.2069 -0.8810 0.4255
vn -0.5885 -0.0019 0.8085
vn -0.4913 -0.5507 0.6748
vn -0.2666 -0.8916 0.3662
vn -0.6029 -0.5747 0.5534
vn -0.3173 -0.9025 0.2912
vn -0.0008 -1.0000 0.0008
vn -0.6968 -0.5977 0.3965
vn -0.6968 -0.5978 0.3964
vn -0.3563 -0.9121 0.2027
vn -0.7608 -0.6148 0.2079
vn -0.3809 -0.9187 0.1041
vn -0.9646 -0.0022 -0.2635
vn -0.7837 -0.6211 -0.0000
vn -0.3809 -0.9188 -0.1041
vn -0.8691 -0.0021 -0.4946
vn -0.6968 -0.5978 -0.3965
vn -0.3562 -0.9122 -0.2027
vn -0.6029 -0.5747 -0.5533
vn -0.4374 -0.0018 -0.8992
vn -0.2478 -0.5132 -0.8217
vn -0.1411 -0.8724 -0.4680
vn -0.0715 -0.8668 -0.4936
vn 0.1238 -0.5032 -0.8553
vn 0.0715 -0.8668 -0.4936
vn 0.1411 -0.8724 -0.4680
vn 0.4913 -0.5507 -0.6748
vn 0.2665 -0.8916 -0.3661
vn 0.7368 -0.0020 -0.6761
vn 0.6030 -0.5746 -0.5534
vn 0.6029 -0.5747 -0.5533
vn 0.6968 -0.5977 -0.3965
vn 0.6968 -0.5977 -0.3964
vn 0.3562 -0.9122 -0.2027
vn 0.9646 -0.0022 -0.2636
vn 0.3809 -0.9187 -0.1041
vn 0.9647 -0.0022 0.2635
vn 0.3809 -0.9187 0.1041
vn 0.6968 -0.5978 0.3964
vn 0.3562 -0.9122 0.2027
vn 0.5886 -0.0019 0.8084
vn 0.2664 -0.8916 0.3661
vn 0.2068 -0.8811 0.4253
vn 0.1411 -0.8724 0.4680
vn 0.1238 -0.5031 0.8553
vn 0.0715 -0.8668 0.4936
vn -0.1239 -0.5032 0.8553
vn -0.0715 -0.8668 0.4936
vn -0.2478 -0.5131 0.8217
vn -0.1411 -0.8724 0.4680
vn -0.4375 -0.0018 0.8992
vn -0.2665 -0.8916 0.3661
vn -0.7608 -0.6147 0.2079
vn -0.7608 -0.6149 0.2079
vn 1.0000 0.0001 0.0068
vn 0.7836 -0.0000 0.6213
vn 0.7834 -0.0000 0.6215
vn 0.7834 -0.0000 0.6216
vn 0.3877 -0.0000 0.9218
vn 0.3876 -0.0000 0.9218
vn 0.3874 -0.0000 0.9219
vn 0.0035 -0.0000 1.0000
vn 0.7834 -0.0000 -0.6215
vn 0.7836 -0.0000 -0.6213
vn 0.7834 -0.0000 -0.6216
vn 0.3877 -0.0000 -0.9218
vn 0.3874 -0.0000 -0.9219
vn 0.3876 -0.0000 -0.9218
vn 1.0000 -0.0000 -0.0067
vn 0.7781 -0.0000 -0.6282
vn 0.7785 -0.0000 -0.6276
vn 0.7784 -0.0000 -0.6277
vn 0.7780 -0.0000 -0.6283
vn 0.3934 -0.0000 -0.9194
vn 0.3930 -0.0000 -0.9195
vn 0.3929 -0.0000 -0.9196
vn 0.3933 -0.0000 -0.9194
vn 0.0037 -0.0000 -1.0000
vn -1.0000 -0.0000 0.0068
vn -0.7834 -0.0000 0.6215
vn -0.7833 0.0002 0.6216
vn -0.3877 -0.0000 0.9218
vn -0.0034 -0.0000 1.0000
vn -0.0036 -0.0000 -1.0000
vn -0.7833 -0.0000 -0.6216
vn -0.7834 -0.0000 -0.6215
vn 0.0001 -0.0000 -1.0000
vn 0.7833 -0.0000 -0.6216
vn 0.7834 0.0001 -0.6215
vn 1.0000 -0.0000 -0.0065
vn -0.0038 -0.0000 -1.0000
vn -0.3933 -0.0000 -0.9194
vn -0.3929 -0.0000 -0.9196
vn -0.3930 -0.0000 -0.9195
vn -0.7780 -0.0000 -0.6283
vn -0.7784 -0.0000 -0.6277
vn -0.7785 -0.0000 -0.6277
vn -0.7780 -0.0000 -0.6282
vn -1.0000 -0.0000 -0.0070
vn -1.0000 -0.0000 -0.0071
vn -0.0001 -0.0000 -1.0000
vn -0.3877 -0.0000 -0.9218
vn -0.7834 0.0001 -0.6216
vn -1.0000 -0.0000 -0.0067
vn 1.0000 -0.0000 -0.0064
vn 0.3933 -0.0002 -0.9194
vn 0.7781 -0.0002 -0.6281
vn 0.7782 -0.0000 -0.6280
vn 1.0000 -0.0001 -0.0068
vn -1.0000 -0.0000 -0.0064
vn 0.3877 0.0001 -0.9218
vn 0.0001 0.0002 -1.0000
vn -1.0000 -0.0001 -0.0064
vn -0.7833 -0.0001 -0.6217
vn 0.0021 0.0023 -1.0000
vn 0.3937 -0.0000 -0.9193
vn 1.0000 0.0001 -0.0067
vn -0.3936 -0.0000 -0.9193
vn -0.7777 0.0001 -0.6287
vn -1.0000 0.0001 -0.0068
vn -0.0038 -0.0001 -1.0000
vn -0.3932 -0.0000 -0.9194
vn -0.3933 -0.0002 -0.9194
vn -0.7781 -0.0000 -0.6281
vn 0.7833 -0.0001 -0.6216
vn 0.7835 -0.0000 -0.6213
vn -1.0000 -0.0001 -0.0068
vn 1.0000 -0.0001 0.0067
vn 0.7834 -0.0002 0.6215
vn 0.7833 -0.0001 0.6216
vn 0.7834 0.0001 0.6216
vn 0.0035 -0.0001 1.0000
vn 0.7835 -0.0000 0.6213
vn 0.7835 0.0001 0.6213
vn -1.0000 -0.0001 0.0068
vn -0.7833 -0.0000 0.6216
vn -0.3876 -0.0001 0.9218
vn -0.0035 -0.0001 1.0000
vn -0.8250 -0.5651 -0.0027
vn -0.8250 -0.5651 0.0027
vn -0.4657 -0.8849 0.0062
vn -0.4657 -0.8849 -0.0062
vn -0.4656 -0.8850 -0.0062
vn -0.0078 -0.9999 0.0073
vn -0.9995 0.0097 -0.0301
vn -0.9995 -0.0097 -0.0301
vn -0.6442 0.0020 -0.7648
vn -0.6442 -0.0020 -0.7648
vn -0.2912 -0.0022 -0.9567
vn -0.2912 0.0022 -0.9567
vn -0.9995 -0.0097 0.0301
vn -0.9995 0.0097 0.0301
vn -0.6442 -0.0020 0.7648
vn -0.8251 0.5650 -0.0027
vn -0.8250 0.5651 0.0026
vn -0.4657 0.8849 0.0062
vn -0.4656 0.8850 -0.0062
vn -0.0078 0.9999 0.0073
vn 0.0004 0.0022 -1.0000
vn 0.0006 0.5065 -0.8623
vn 0.0007 0.5065 -0.8622
vn 0.0006 0.8622 -0.5065
vn -0.0105 0.8623 -0.5062
vn -0.0105 0.8624 -0.5061
vn 0.0004 0.8623 -0.5064
vn -0.0000 1.0000 -0.0074
vn -0.0078 0.9999 -0.0074
vn -0.0000 0.0022 1.0000
vn 0.0004 0.5065 0.8623
vn 0.0006 0.5065 0.8622
vn -0.0105 0.8623 0.5062
vn 0.0007 0.8622 0.5065
vn 0.0006 0.8623 0.5064
vn -0.0078 0.9999 0.0074
vn 0.0004 1.0000 0.0074
vn -0.0078 -0.9999 -0.0074
vn 0.0004 -1.0000 -0.0074
vn 0.0006 -0.8623 -0.5064
vn -0.0105 -0.8623 -0.5062
vn 0.0007 -0.8622 -0.5065
vn 0.0006 -0.5065 -0.8622
vn 0.0004 -0.5065 -0.8623
vn -0.0000 -0.0022 -1.0000
vn -0.0000 -1.0000 0.0074
vn -0.0078 -0.9999 0.0074
vn -0.0105 -0.8624 0.5061
vn 0.0004 -0.8623 0.5064
vn 0.0006 -0.8622 0.5065
vn -0.0105 -0.8623 0.5062
vn 0.0007 -0.5065 0.8622
vn 0.0006 -0.5065 0.8623
vn 0.0004 -0.0022 1.0000
vn 0.9992 -0.0127 0.0373
vn 0.8168 -0.5769 0.0058
vn 0.8167 -0.5770 -0.0058
vn 0.8167 -0.5770 0.0058
vn 0.4514 -0.8923 0.0054
vn 0.4514 -0.8923 -0.0055
vn 0.4513 -0.8924 -0.0054
vn 0.4513 -0.8924 0.0055
vn 0.3031 -0.0028 -0.9530
vn 0.3031 0.0028 -0.9530
vn 0.1141 -0.0020 -0.9935
vn 0.1141 0.0020 -0.9935
vn 0.1140 0.0020 -0.9935
vn 0.1140 -0.0020 -0.9935
vn 0.0018 -0.0021 -1.0000
vn 0.0018 0.0021 -1.0000
vn 0.9992 -0.0127 0.0371
vn 0.9992 0.0127 0.0371
vn 0.3031 0.0028 0.9530
vn 0.3031 -0.0028 0.9530
vn 0.1141 0.0020 0.9935
vn 0.1141 -0.0020 0.9935
vn 0.1140 -0.0020 0.9935
vn 0.1140 0.0020 0.9935
vn 0.9992 0.0127 0.0372
vn 0.8168 0.5769 -0.0058
vn 0.8167 0.5770 0.0058
vn 0.8167 0.5770 -0.0058
vn 0.4513 0.8924 0.0054
vn 0.0017 0.0022 -1.0000
vn 0.0004 0.5053 -0.8629
vn 0.0007 0.8620 -0.5069
vn 0.0031 0.8620 -0.5068
vn 0.0075 0.9999 -0.0074
vn 0.0004 0.0022 1.0000
vn 0.0007 0.5054 0.8629
vn 0.0031 0.8620 0.5068
vn 0.0074 0.9999 0.0074
vn 0.0074 -0.9999 -0.0074
vn 0.0031 -0.8620 -0.5068
vn 0.0007 -0.5054 -0.8629
vn 0.0004 -0.0022 -1.0000
vn 0.0075 -0.9999 0.0074
vn 0.0031 -0.8620 0.5068
vn 0.0007 -0.8620 0.5069
vn 0.0004 -0.5053 0.8629
vn 0.0017 -0.0022 1.0000
vn 0.0100 0.9999 -0.0102
vn 0.4595 0.8881 -0.0074
vn 0.4595 0.8881 0.0074
vn 0.4596 0.8881 -0.0074
vn 0.0024 0.0034 1.0000
vn 0.1189 -0.0034 0.9929
vn 0.1190 -0.0034 0.9929
vn 0.1190 0.0034 0.9929
vn 0.3094 -0.0040 0.9509
vn 0.3094 0.0040 0.9509
vn 0.9996 0.0098 0.0259
vn 0.9996 -0.0098 0.0259
vn 0.1190 0.0034 -0.9929
vn 0.1190 -0.0034 -0.9929
vn 0.3093 -0.0040 -0.9510
vn 0.3093 0.0040 -0.9510
vn 0.3094 0.0040 -0.9509
vn 0.9996 -0.0098 -0.0258
vn 0.9996 0.0098 -0.0259
vn 0.0100 -0.9999 -0.0102
vn 0.0100 -0.9999 0.0102
vn 0.4594 -0.8882 0.0074
vn 0.4595 -0.8882 -0.0074
vn 0.8203 -0.5719 -0.0010
vn 0.8203 -0.5719 0.0010
vn 0.9996 -0.0099 -0.0259
vn -0.0000 -0.0034 -1.0000
vn -0.0008 -0.5065 -0.8623
vn 0.0134 -0.5112 -0.8594
vn -0.0008 -0.5065 -0.8622
vn -0.0008 -0.8622 -0.5065
vn 0.0129 -0.8633 -0.5046
vn -0.0008 -0.8623 -0.5064
vn -0.0000 -0.9999 -0.0103
vn 0.0099 -0.9999 -0.0103
vn -0.0000 -0.0034 1.0000
vn -0.0008 -0.5065 0.8623
vn -0.0008 -0.5065 0.8622
vn 0.0134 -0.5112 0.8594
vn 0.0129 -0.8632 0.5046
vn -0.0008 -0.8622 0.5065
vn -0.0008 -0.8623 0.5064
vn -0.0000 -0.9999 0.0103
vn -0.0000 0.9999 0.0104
vn 0.0100 0.9999 0.0103
vn 0.0129 0.8632 0.5047
vn -0.0008 0.8622 0.5066
vn 0.0134 0.5114 0.8593
vn -0.0008 0.5067 0.8621
vn -0.0008 0.5066 0.8622
vn -0.0000 0.0034 1.0000
vn -0.0000 0.9999 -0.0104
vn -0.0008 0.8622 -0.5066
vn 0.0129 0.8632 -0.5048
vn -0.0008 0.5067 -0.8621
vn 0.0134 0.5114 -0.8593
vn -0.0000 0.0034 -1.0000
vn -0.0057 0.9999 -0.0135
vn -0.3433 0.8767 -0.3370
vn -0.3473 0.8779 -0.3295
vn -0.6085 0.5424 -0.5792
vn -0.6027 0.5423 -0.5854
vn -0.7165 0.0039 -0.6976
vn -0.7260 0.0039 -0.6877
vn -0.3902 -0.0027 0.9207
vn -0.7829 0.0040 0.6221
vn -0.7830 0.0040 0.6220
vn -0.9383 0.0063 0.3457
vn -0.2453 -0.0024 -0.9694
vn -0.2454 -0.0024 -0.9694
vn -0.4646 -0.0024 -0.8855
vn -0.4647 -0.0024 -0.8855
vn -0.7164 -0.0038 -0.6977
vn -0.7164 0.0038 -0.6977
vn -0.0041 -0.9960 0.0888
vn -0.3615 -0.9256 0.1119
vn -0.7811 -0.6207 -0.0684
vn -0.7811 -0.6206 -0.0683
vn -0.9149 -0.4036 -0.0121
vn -0.9826 -0.0045 -0.1854
vn -0.0007 -0.5083 -0.8612
vn -0.0048 -0.5050 -0.8631
vn -0.0008 -0.5083 -0.8612
vn -0.0007 -0.8631 -0.5050
vn -0.0044 -0.8620 -0.5069
vn -0.0007 -0.8632 -0.5049
vn -0.0000 -1.0000 -0.0084
vn -0.0000 -0.0032 1.0000
vn -0.0046 -0.0032 1.0000
vn -0.0037 -0.4999 0.8661
vn -0.0001 -0.5000 0.8660
vn -0.0037 -0.5000 0.8660
vn -0.0037 -0.8662 0.4997
vn -0.0000 -0.8659 0.5003
vn -0.0000 -0.8659 0.5002
vn -0.0038 -0.8662 0.4996
vn -0.0000 -0.9960 0.0889
vn -0.0001 0.9956 0.0942
vn -0.0042 0.9955 0.0942
vn -0.0004 0.8621 0.5068
vn -0.0004 0.8620 0.5068
vn -0.0039 0.8624 0.5062
vn -0.0004 0.5066 0.8622
vn -0.0004 0.5065 0.8622
vn -0.0039 0.5063 0.8623
vn -0.0046 0.0034 1.0000
vn -0.0000 1.0000 -0.0080
vn -0.0008 0.8630 -0.5052
vn -0.0008 0.8629 -0.5053
vn -0.0012 0.5136 -0.8580
vn -0.0049 0.5120 -0.8589
vn -0.0012 0.5135 -0.8581
vn -0.0000 0.0036 -1.0000
vn -0.3832 0.9226 -0.0443
vn -0.7784 0.6249 -0.0603
vn -0.7535 0.6436 0.1342
vn -0.9121 0.4099 -0.0010
vn -0.3492 -0.8763 -0.3318
vn -0.3493 -0.8763 -0.3318
vn -0.6028 -0.5426 -0.5850
vn -0.7260 -0.0039 -0.6877
vn -0.7165 -0.0039 -0.6976
vn -0.7260 0.0038 -0.6876
vn -0.8748 -0.0024 -0.4846
vn -0.8748 0.0024 -0.4846
vn -0.8748 0.0024 -0.4845
vn -0.9535 0.0025 -0.3014
vn -0.9535 0.0025 -0.3013
vn -0.9535 -0.0025 -0.3013
vn -0.0000 -0.0000 -1.0000
vn -0.0000 -1.0000 -0.0000
vn 1.0000 -0.0001 -0.0064
vn -0.0003 0.0003 -1.0000
vn 0.0002 0.0002 -1.0000
vn 0.0002 -0.0000 -1.0000
vn -0.0003 -0.0000 -1.0000
vn -1.0000 0.0001 -0.0064
vn -0.0037 -0.0000 -1.0000
vn 0.0038 -0.0001 -1.0000
vn -0.0000 0.0049 -1.0000
vn 0.0034 -0.0000 1.0000
vn -1.0000 -0.0001 0.0067
vn -1.0000 -0.0000 0.0067
vn -1.0000 0.0064 0.0067
vn -1.0000 0.0064 -0.0067
vn -0.0000 0.0047 1.0000
vn 1.0000 -0.0000 0.0067
vn -0.0002 -0.0000 -1.0000
vn -0.0000 -1.0000 0.0073
vn -0.0000 -1.0000 -0.0073
vn -0.0000 0.0021 1.0000
vn -0.0000 -0.0021 1.0000
vn -0.9995 0.0097 0.0300
vn -0.9995 -0.0097 0.0300
vn -0.0000 1.0000 -0.0073
vn -0.0000 1.0000 0.0073
vn -0.0000 -0.0021 -1.0000
vn -0.0000 0.0021 -1.0000
vn -0.9995 -0.0097 -0.0300
vn -0.9995 0.0097 -0.0300
vn -0.0000 0.9999 0.0103
vn -0.0000 0.9999 -0.0103
vn 0.9992 -0.0127 -0.0373
vn 0.0099 -0.9999 0.0102
vn 0.0074 -0.9999 -0.0073
vn 0.0074 -0.9999 0.0073
vn -0.0000 0.0022 -1.0000
vn 0.0018 -0.0022 1.0000
vn 0.0018 0.0022 1.0000
vn -0.0000 -0.0022 1.0000
vn 0.0074 0.9999 0.0073
vn 0.0074 0.9999 -0.0073
vn -0.0000 1.0000 -0.0079
vn -0.7165 -0.0038 -0.6976
vn -0.0060 -1.0000 -0.0053
vn -0.0059 -0.9999 -0.0140
vn -0.0000 -1.0000 -0.0083
vn -0.0000 -0.0000 -0.0000
vn 0.0715 -0.9974 -0.0000
vn -0.0000 -0.7071 0.7071
vn -0.0000 0.7071 0.7071
vn -0.4577 0.6287 0.6287
vn -0.5886 -0.8085 -0.0000
vn -0.5886 0.8085 -0.0000
vn -0.5507 0.7564 -0.3530
vn -0.5507 -0.7564 -0.3530
vn -0.4577 -0.6287 -0.6287
vn -0.4577 0.6287 -0.6287
vn 0.4577 0.6287 -0.6287
vn 0.4577 -0.6287 -0.6287
vn 0.2243 -0.9245 -0.3082
vn 0.2243 0.9245 -0.3082
vn 0.5507 -0.7564 -0.3530
vn 0.5507 0.7564 -0.3530
vn -0.5507 -0.7564 0.3530
vn -0.5507 0.7564 0.3530
vn 0.5507 0.7564 0.3530
vn -0.4577 -0.6287 0.6287
vn 0.5507 -0.7564 0.3530
vn 0.4577 0.6287 0.6287
vn 0.4577 -0.6287 0.6287
vn 0.5886 0.8085 -0.0000
vn -0.5886 0.8084 -0.0000
vn 0.5886 -0.8085 -0.0000
vn -0.5886 -0.8084 -0.0000
vn -0.3730 0.5123 0.7736
vn -0.3064 0.6299 0.7137
vn -0.2066 0.6851 0.6986
vn -0.1039 0.7173 0.6890
vn -0.0000 0.7279 0.6857
vn 0.1039 0.7173 0.6890
vn 0.2066 0.6851 0.6986
vn 0.3064 0.6299 0.7137
vn 0.4005 0.5501 0.7328
vn 0.4842 0.4445 0.7536
vn 0.5517 0.3139 0.7727
vn 0.5960 0.1628 0.7863
vn 0.6115 -0.0000 0.7913
vn 0.5960 -0.1628 0.7863
vn 0.5517 -0.3139 0.7727
vn 0.4842 -0.4445 0.7536
vn 0.4005 -0.5501 0.7328
vn 0.3064 -0.6299 0.7137
vn 0.2066 -0.6851 0.6986
vn 0.1039 -0.7173 0.6890
vn -0.0000 -0.7279 0.6857
vn -0.1039 -0.7173 0.6890
vn -0.2066 -0.6851 0.6986
vn -0.3064 -0.6299 0.7137
vn -0.3730 -0.5123 0.7736
vn -0.4842 -0.4445 0.7536
vn -0.5517 -0.3139 0.7727
vn -0.5960 -0.1628 0.7863
vn -0.6115 -0.0000 0.7913
vn -0.5960 0.1628 0.7863
vn -0.5517 0.3139 0.7727
vn -0.4842 0.4445 0.7536
vn 1.0000 -0.0000 -0.0000
vn 0.9646 -0.2636 -0.0000
vn -0.7367 -0.6762 -0.0000
vn 0.8692 -0.4945 -0.0000
vn -0.4374 0.8993 -0.0000
vn -0.8692 -0.4945 -0.0000
vn 0.7367 -0.6762 -0.0000
vn -0.2887 0.9574 -0.0000
vn -0.9646 -0.2636 -0.0000
vn -0.1433 0.9897 -0.0000
vn -1.0000 -0.0000 -0.0000
vn 0.4374 -0.8993 -0.0000
vn -0.9646 0.2636 -0.0000
vn 0.2887 -0.9574 -0.0000
vn 0.1433 0.9897 -0.0000
vn -0.8692 0.4945 -0.0000
vn 0.1433 -0.9897 -0.0000
vn 0.2887 0.9574 -0.0000
vn -0.7367 0.6762 -0.0000
vn 0.4374 0.8993 -0.0000
vn -0.1433 -0.9897 -0.0000
vn -0.2887 -0.9574 -0.0000
vn 0.7367 0.6762 -0.0000
vn -0.4374 -0.8993 -0.0000
vn 0.8692 0.4945 -0.0000
vn 0.9646 0.2636 -0.0000
vn -0.4005 0.5501 0.7328
vn -0.4005 -0.5501 0.7328
vn -0.0715 0.9974 -0.0000
vn -0.5129 0.8584 -0.0000
vn -0.3626 0.9319 -0.0000
vn 0.2156 0.9765 -0.0000
vn 0.0715 0.9974 -0.0000
vn 0.5129 0.8584 -0.0000
vn 0.9910 -0.1340 -0.0000
vn -0.9910 -0.1340 -0.0000
vn 0.3626 -0.9319 -0.0000
vn -0.9910 0.1340 -0.0000
vn 0.9231 -0.3846 -0.0000
vn 0.6636 0.7481 -0.0000
vn -0.8061 -0.5918 -0.0000
vn 0.8061 0.5918 -0.0000
vn -0.6636 0.7481 -0.0000
vn 0.6636 -0.7481 -0.0000
vn 0.2156 -0.9765 -0.0000
vn -0.8061 0.5918 -0.0000
vn -0.6636 -0.7481 -0.0000
vn -0.3626 -0.9319 -0.0000
vn 0.9910 0.1340 -0.0000
vn 0.3626 0.9319 -0.0000
vn -0.0715 -0.9974 -0.0000
vn -0.2156 0.9765 -0.0000
vn -0.9231 -0.3846 -0.0000
vn 0.8061 -0.5918 -0.0000
vn 0.9231 0.3846 -0.0000
vn -0.2156 -0.9765 -0.0000
vn -0.9231 0.3846 -0.0000
vn 0.5129 -0.8585 -0.0000
vn -0.5129 -0.8585 -0.0000
vn -0.0716 -0.9974 -0.0000
vn -0.0000 0.7071 -0.7071
vn -0.0000 -0.7071 -0.7071
vn 0.2243 0.9245 0.3082
vn 0.2243 -0.9245 0.3082
vn -0.3730 -0.5123 -0.7736
vn -0.3064 -0.6299 -0.7137
vn -0.2066 -0.6851 -0.6986
vn -0.1039 -0.7173 -0.6890
vn -0.0000 -0.7279 -0.6857
vn 0.1039 -0.7173 -0.6890
vn 0.2066 -0.6851 -0.6986
vn 0.3064 -0.6299 -0.7137
vn 0.4005 -0.5501 -0.7328
vn 0.4842 -0.4444 -0.7536
vn 0.5517 -0.3139 -0.7727
vn 0.5960 -0.1628 -0.7863
vn 0.6115 -0.0000 -0.7913
vn 0.5960 0.1628 -0.7863
vn 0.5517 0.3139 -0.7727
vn 0.4842 0.4445 -0.7536
vn 0.4005 0.5501 -0.7328
vn 0.3064 0.6299 -0.7137
vn 0.2066 0.6851 -0.6986
vn 0.1039 0.7173 -0.6890
vn -0.0000 0.7279 -0.6857
vn -0.1039 0.7173 -0.6890
vn -0.2066 0.6851 -0.6986
vn -0.3064 0.6299 -0.7137
vn -0.3730 0.5123 -0.7736
vn -0.4842 0.4445 -0.7536
vn -0.5517 0.3139 -0.7727
vn -0.5960 0.1628 -0.7863
vn -0.6115 -0.0000 -0.7913
vn -0.5960 -0.1628 -0.7863
vn -0.5517 -0.3139 -0.7727
vn -0.4842 -0.4445 -0.7536
vn 0.4842 -0.4444 0.7536
vn -0.5129 -0.8584 -0.0000
vn 0.0716 -0.9974 -0.0000
vn 0.5129 -0.8584 -0.0000
vt 0.500392 0.086029
vt 0.499560 0.086029
vt 0.499560 0.087128
vt 0.500364 0.087128
vt 0.499560 0.088152
vt 0.500281 0.088152
vt 0.499560 0.089032
vt 0.500149 0.089032
vt 0.523793 0.500149
vt 0.523735 0.499560
vt 0.524619 0.499560
vt 0.524660 0.499976
vt 0.525648 0.499560
vt 0.525669 0.499775
vt 0.526752 0.499560
vt 0.501193 0.086029
vt 0.501137 0.087128
vt 0.500974 0.088152
vt 0.500715 0.089032
vt 0.523965 0.500715
vt 0.524781 0.500376
vt 0.525732 0.499983
vt 0.501930 0.086029
vt 0.501850 0.087128
vt 0.501613 0.088152
vt 0.501236 0.089032
vt 0.524243 0.501236
vt 0.524978 0.500745
vt 0.525834 0.500174
vt 0.502577 0.086029
vt 0.502474 0.087128
vt 0.502173 0.088152
vt 0.501693 0.089032
vt 0.524619 0.501693
vt 0.525243 0.501068
vt 0.525971 0.500341
vt 0.524381 0.086029
vt 0.523735 0.086029
vt 0.523838 0.087128
vt 0.524462 0.087128
vt 0.524139 0.088152
vt 0.524699 0.088152
vt 0.524619 0.089032
vt 0.525076 0.089032
vt 0.525076 0.502069
vt 0.525567 0.501334
vt 0.526138 0.500478
vt 0.525119 0.086029
vt 0.525175 0.087128
vt 0.525338 0.088152
vt 0.525597 0.089032
vt 0.525597 0.502347
vt 0.525935 0.501531
vt 0.526329 0.500580
vt 0.525919 0.086029
vt 0.525948 0.087128
vt 0.526031 0.088152
vt 0.526163 0.089032
vt 0.526163 0.502519
vt 0.526336 0.501652
vt 0.526536 0.500643
vt 0.526752 0.086029
vt 0.526752 0.087128
vt 0.526752 0.088152
vt 0.526752 0.089032
vt 0.526752 0.502577
vt 0.526752 0.501693
vt 0.526752 0.500664
vt 0.527584 0.086029
vt 0.527556 0.087128
vt 0.527473 0.088152
vt 0.527340 0.089032
vt 0.527340 0.502519
vt 0.527168 0.501652
vt 0.526967 0.500643
vt 0.528385 0.086029
vt 0.528329 0.087128
vt 0.528166 0.088152
vt 0.527906 0.089032
vt 0.527906 0.502347
vt 0.527568 0.501531
vt 0.527174 0.500580
vt 0.529122 0.086029
vt 0.529042 0.087128
vt 0.528805 0.088152
vt 0.528428 0.089032
vt 0.528428 0.502069
vt 0.527937 0.501334
vt 0.527365 0.500478
vt 0.529769 0.086029
vt 0.529666 0.087128
vt 0.529365 0.088152
vt 0.528885 0.089032
vt 0.528885 0.501693
vt 0.528260 0.501068
vt 0.527533 0.500341
vt 0.529260 0.501236
vt 0.528526 0.500745
vt 0.527670 0.500174
vt 0.529539 0.500715
vt 0.528723 0.500376
vt 0.527772 0.499983
vt 0.529711 0.500149
vt 0.528844 0.499976
vt 0.527835 0.499775
vt 0.529769 0.499560
vt 0.528885 0.499560
vt 0.527856 0.499560
vt 0.498728 0.086029
vt 0.498756 0.087128
vt 0.498839 0.088152
vt 0.498971 0.089032
vt 0.529711 0.498971
vt 0.528844 0.499144
vt 0.527835 0.499345
vt 0.497927 0.086029
vt 0.497983 0.087128
vt 0.498146 0.088152
vt 0.498405 0.089032
vt 0.529539 0.498405
vt 0.528723 0.498744
vt 0.527772 0.499137
vt 0.497190 0.086029
vt 0.497270 0.087128
vt 0.497507 0.088152
vt 0.497884 0.089032
vt 0.529260 0.497884
vt 0.528526 0.498375
vt 0.527670 0.498946
vt 0.496543 0.086029
vt 0.496646 0.087128
vt 0.496947 0.088152
vt 0.497427 0.089032
vt 0.528885 0.497427
vt 0.528260 0.498051
vt 0.527533 0.498779
vt 0.528428 0.497051
vt 0.527937 0.497786
vt 0.527365 0.498642
vt 0.527906 0.496773
vt 0.527568 0.497589
vt 0.527174 0.498540
vt 0.527340 0.496601
vt 0.527168 0.497468
vt 0.526967 0.498477
vt 0.526752 0.496543
vt 0.526752 0.497427
vt 0.526752 0.498456
vt 0.526163 0.496601
vt 0.526336 0.497468
vt 0.526536 0.498477
vt 0.525597 0.496773
vt 0.525935 0.497589
vt 0.526329 0.498540
vt 0.525076 0.497051
vt 0.525567 0.497786
vt 0.526138 0.498642
vt 0.524619 0.497427
vt 0.525243 0.498051
vt 0.525971 0.498779
vt 0.524243 0.497884
vt 0.524978 0.498375
vt 0.525834 0.498946
vt 0.523965 0.498405
vt 0.524781 0.498744
vt 0.525732 0.499137
vt 0.523793 0.498971
vt 0.524660 0.499144
vt 0.525669 0.499345
vt 0.500392 0.913306
vt 0.499560 0.913306
vt 0.499560 0.914405
vt 0.500364 0.914405
vt 0.499560 0.915429
vt 0.500281 0.915429
vt 0.499560 0.916308
vt 0.500149 0.916308
vt 0.501193 0.913306
vt 0.501137 0.914405
vt 0.500974 0.915429
vt 0.500715 0.916308
vt 0.501930 0.913306
vt 0.501850 0.914405
vt 0.501613 0.915429
vt 0.501236 0.916308
vt 0.502577 0.913306
vt 0.502474 0.914405
vt 0.502173 0.915429
vt 0.501693 0.916308
vt 0.524381 0.913306
vt 0.523735 0.913306
vt 0.523838 0.914405
vt 0.524462 0.914405
vt 0.524139 0.915429
vt 0.524699 0.915429
vt 0.524619 0.916308
vt 0.525076 0.916308
vt 0.525119 0.913306
vt 0.525175 0.914405
vt 0.525338 0.915429
vt 0.525597 0.916308
vt 0.525919 0.913306
vt 0.525948 0.914405
vt 0.526031 0.915429
vt 0.526163 0.916308
vt 0.526752 0.913306
vt 0.526752 0.914405
vt 0.526752 0.915429
vt 0.526752 0.916308
vt 0.527584 0.913306
vt 0.527556 0.914405
vt 0.527473 0.915429
vt 0.527340 0.916308
vt 0.528385 0.913306
vt 0.528329 0.914405
vt 0.528166 0.915429
vt 0.527906 0.916308
vt 0.529122 0.913306
vt 0.529042 0.914405
vt 0.528805 0.915429
vt 0.528428 0.916308
vt 0.529769 0.913306
vt 0.529666 0.914405
vt 0.529365 0.915429
vt 0.528885 0.916308
vt 0.498728 0.913306
vt 0.498756 0.914405
vt 0.498839 0.915429
vt 0.498971 0.916308
vt 0.497927 0.913306
vt 0.497983 0.914405
vt 0.498146 0.915429
vt 0.498405 0.916308
vt 0.497190 0.913306
vt 0.497270 0.914405
vt 0.497507 0.915429
vt 0.497884 0.916308
vt 0.496543 0.913306
vt 0.496646 0.914405
vt 0.496947 0.915429
vt 0.497427 0.916308
vt 0.500392 0.499667
vt 0.499560 0.499667
vt 0.499560 0.500766
vt 0.500364 0.500766
vt 0.499560 0.501791
vt 0.500281 0.501791
vt 0.499560 0.502670
vt 0.500149 0.502670
vt 0.501193 0.499667
vt 0.501137 0.500766
vt 0.500974 0.501791
vt 0.500715 0.502670
vt 0.501930 0.499667
vt 0.501850 0.500766
vt 0.501613 0.501791
vt 0.501236 0.502670
vt 0.502577 0.499667
vt 0.502474 0.500766
vt 0.502173 0.501791
vt 0.501693 0.502670
vt 0.524381 0.499667
vt 0.523735 0.499667
vt 0.523838 0.500766
vt 0.524462 0.500766
vt 0.524139 0.501791
vt 0.524699 0.501791
vt 0.524619 0.502670
vt 0.525076 0.502670
vt 0.525119 0.499667
vt 0.525175 0.500766
vt 0.525338 0.501791
vt 0.525597 0.502670
vt 0.525919 0.499667
vt 0.525948 0.500766
vt 0.526031 0.501791
vt 0.526163 0.502670
vt 0.526752 0.499667
vt 0.526752 0.500766
vt 0.526752 0.501791
vt 0.526752 0.502670
vt 0.527584 0.499667
vt 0.527556 0.500766
vt 0.527473 0.501791
vt 0.527340 0.502670
vt 0.528385 0.499667
vt 0.528329 0.500766
vt 0.528166 0.501791
vt 0.527906 0.502670
vt 0.529122 0.499667
vt 0.529042 0.500766
vt 0.528805 0.501791
vt 0.528428 0.502670
vt 0.529769 0.499667
vt 0.529666 0.500766
vt 0.529365 0.501791
vt 0.528885 0.502670
vt 0.498728 0.499667
vt 0.498756 0.500766
vt 0.498839 0.501791
vt 0.498971 0.502670
vt 0.497927 0.499667
vt 0.497983 0.500766
vt 0.498146 0.501791
vt 0.498405 0.502670
vt 0.497190 0.499667
vt 0.497270 0.500766
vt 0.497507 0.501791
vt 0.497884 0.502670
vt 0.496543 0.499667
vt 0.496646 0.500766
vt 0.496947 0.501791
vt 0.497427 0.502670
vt 0.131576 0.937565
vt 0.131576 0.455202
vt 0.513394 0.455202
vt 0.513394 0.937565
vt 0.131576 0.428474
vt 0.513394 0.428474
vt 0.131891 -0.025756
vt 0.131891 -0.025914
vt 0.131740 -0.025907
vt 0.131734 -0.025756
vt 0.131891 -0.026071
vt 0.131740 -0.026071
vt 0.131891 0.513058
vt 0.131576 0.513058
vt 0.131740 0.513372
vt 0.131891 0.513372
vt 0.513058 -0.026071
vt 0.513058 -0.025914
vt 0.513372 -0.025907
vt 0.513372 -0.026071
vt 0.513058 -0.025756
vt 0.513372 -0.025756
vt 0.131576 -0.025756
vt 0.131576 -0.025907
vt 0.513080 -0.025756
vt 0.513237 -0.025756
vt 0.513230 -0.025907
vt 0.513080 -0.025914
vt 0.513215 -0.025756
vt 0.513234 -0.025907
vt 0.513058 -0.025756
vt 0.513277 -0.026071
vt 0.513080 0.513058
vt 0.513080 0.513372
vt 0.513230 0.513372
vt 0.513394 0.513058
vt 0.513080 -0.026071
vt 0.513080 0.937251
vt 0.513080 0.937408
vt 0.513230 0.937401
vt 0.513237 0.937251
vt 0.513080 0.937565
vt 0.513278 0.937565
vt 0.513080 0.513058
vt 0.513394 0.513058
vt 0.513230 0.513372
vt 0.513080 0.513372
vt 0.513058 0.937565
vt 0.513058 0.937408
vt 0.513234 0.937401
vt 0.513058 0.937251
vt 0.513215 0.937251
vt 0.131891 0.937251
vt 0.131734 0.937251
vt 0.131740 0.937401
vt 0.131891 0.937408
vt 0.131576 0.937251
vt 0.131576 0.937401
vt 0.513058 0.937565
vt 0.513372 0.937401
vt 0.513372 0.937251
vt 0.131576 0.513058
vt 0.131734 0.513058
vt 0.131740 0.513372
vt 0.131576 0.513372
vt 0.131891 0.513058
vt 0.131891 0.513372
vt 0.131891 0.937565
vt 0.131740 0.937565
vt 0.504141 -0.025756
vt 0.503941 -0.025910
vt 0.503879 -0.025905
vt 0.503827 -0.025756
vt 0.503827 -0.026071
vt 0.131891 0.503512
vt 0.131576 0.503827
vt 0.131576 -0.026071
vt 0.131461 -0.025910
vt 0.131523 -0.025905
vt 0.131261 -0.025756
vt 0.131416 -0.025756
vt 0.131576 -0.025756
vt 0.131576 -0.025905
vt 0.503827 -0.025905
vt 0.503987 -0.025756
vt 0.503879 -0.025905
vt 0.503941 -0.025910
vt 0.503827 -0.025756
vt 0.503827 -0.025905
vt 0.513709 -0.025756
vt 0.513509 -0.025910
vt 0.513394 -0.025905
vt 0.513394 -0.025756
vt 0.513394 -0.026071
vt 0.513080 0.503512
vt 0.513394 0.503827
vt 0.513709 0.937880
vt 0.513509 0.937726
vt 0.503827 0.937565
vt 0.503988 0.937451
vt 0.503992 0.937513
vt 0.504141 0.937251
vt 0.504141 0.937405
vt 0.504141 0.937565
vt 0.503992 0.937565
vt 0.513080 0.504141
vt 0.513280 0.503827
vt 0.513394 0.503992
vt 0.513394 0.504141
vt 0.513280 0.937565
vt 0.131891 0.504141
vt 0.131736 0.504141
vt 0.131629 0.503827
vt 0.131691 0.503827
vt 0.131576 0.504141
vt 0.504141 0.937251
vt 0.503827 0.937451
vt 0.503827 0.937513
vt 0.131576 0.937451
vt 0.131415 0.937680
vt 0.131523 0.937618
vt 0.131576 0.937513
vt 0.131261 0.937880
vt 0.131461 0.937726
vt 0.131691 0.937565
vt 0.131629 0.937565
vt 0.503512 -0.025756
vt 0.503827 -0.025756
vt 0.503827 -0.025907
vt 0.503512 -0.025914
vt 0.122485 -0.025756
vt 0.122643 -0.025756
vt 0.122649 -0.025907
vt 0.122485 -0.025907
vt 0.122800 -0.025756
vt 0.122800 -0.025914
vt 0.122800 -0.026071
vt 0.122649 -0.026071
vt 0.122800 0.503512
vt 0.122485 0.503512
vt 0.122649 0.503827
vt 0.122800 0.503827
vt 0.503512 -0.026071
vt 0.495050 -0.025756
vt 0.495050 -0.025914
vt 0.494900 -0.025907
vt 0.494736 -0.025756
vt 0.495050 -0.026071
vt 0.494900 -0.026071
vt 0.122800 0.495050
vt 0.122800 0.494736
vt 0.122485 0.494900
vt 0.122485 0.495050
vt 0.122800 -0.025914
vt 0.122649 -0.025907
vt 0.122485 -0.026071
vt 0.122800 -0.025756
vt 0.122643 -0.025756
vt 0.122485 -0.025756
vt 0.122568 -0.025907
vt 0.494819 -0.025907
vt 0.122800 0.946342
vt 0.122643 0.946342
vt 0.122649 0.946492
vt 0.122800 0.946656
vt 0.122485 0.946342
vt 0.122485 0.946492
vt 0.503512 0.946342
vt 0.503512 0.946656
vt 0.503827 0.946492
vt 0.503827 0.946342
vt 0.122485 0.503512
vt 0.122643 0.503512
vt 0.122649 0.503663
vt 0.122485 0.503827
vt 0.122800 0.503512
vt 0.122800 0.503669
vt 0.122800 0.503827
vt 0.122649 0.503744
vt 0.122649 0.946573
vt 0.495050 0.946342
vt 0.494736 0.946342
vt 0.494736 0.946492
vt 0.495050 0.946656
vt 0.122649 0.946492
vt 0.122485 0.946492
vt 0.122800 0.946342
vt 0.122800 0.946656
vt 0.122800 0.494736
vt 0.122800 0.494893
vt 0.122649 0.494900
vt 0.122649 0.494819
vt 0.122800 0.495050
vt 0.122643 0.495050
vt 0.122485 0.495050
vt 0.122485 0.494736
vt 0.122649 0.946573
vt 0.503512 -0.025756
vt 0.503512 -0.026071
vt 0.503663 -0.026071
vt 0.503827 -0.025756
vt 0.522485 0.503512
vt 0.522328 0.503512
vt 0.522321 0.503663
vt 0.522485 0.503663
vt 0.522171 0.503512
vt 0.522171 0.503827
vt 0.522171 -0.026071
vt 0.522171 -0.025914
vt 0.522321 -0.025907
vt 0.522321 -0.025988
vt 0.522171 -0.025756
vt 0.522328 -0.025756
vt 0.522485 -0.025756
vt 0.522485 -0.026071
vt 0.522321 0.503744
vt 0.495050 -0.025756
vt 0.494736 -0.025756
vt 0.494736 -0.025907
vt 0.495050 -0.026071
vt 0.522485 -0.025756
vt 0.522328 -0.025756
vt 0.522321 -0.025907
vt 0.522485 -0.025907
vt 0.522171 -0.025756
vt 0.522321 -0.026071
vt 0.522171 0.495050
vt 0.522328 0.495050
vt 0.522321 0.494736
vt 0.522171 0.494736
vt 0.522485 0.495050
vt 0.522485 0.494736
vt 0.522171 0.495050
vt 0.522171 0.494893
vt 0.522321 0.494900
vt 0.522328 0.495050
vt 0.522171 0.494736
vt 0.522321 0.494736
vt 0.522171 0.946342
vt 0.522328 0.946342
vt 0.522321 0.946656
vt 0.522171 0.946656
vt 0.522485 0.946342
vt 0.522485 0.946656
vt 0.495050 0.946342
vt 0.495050 0.946656
vt 0.494900 0.946656
vt 0.494736 0.946342
vt 0.522485 0.495050
vt 0.522485 0.494900
vt 0.522171 0.946342
vt 0.522321 0.946656
vt 0.522328 0.946342
vt 0.522171 0.503827
vt 0.522171 0.503669
vt 0.522321 0.503663
vt 0.522321 0.503827
vt 0.522171 0.503512
vt 0.522328 0.503512
vt 0.522485 0.503512
vt 0.522485 0.503663
vt 0.503512 0.946342
vt 0.503663 0.946656
vt 0.131891 0.511551
vt 0.131576 0.511703
vt 0.131742 0.511789
vt 0.131891 0.511866
vt 0.511703 0.452588
vt 0.511896 0.452777
vt 0.511878 0.452677
vt 0.511789 0.452598
vt 0.512080 0.452960
vt 0.511977 0.452788
vt 0.511866 0.452538
vt 0.511852 0.452563
vt 0.131891 0.452273
vt 0.131891 0.452428
vt 0.131740 0.452563
vt 0.131576 0.452538
vt 0.131891 0.452588
vt 0.131742 0.452598
vt 0.131891 0.431403
vt 0.131576 0.431138
vt 0.131740 0.431113
vt 0.131891 0.431088
vt 0.511866 0.431138
vt 0.511977 0.430888
vt 0.511878 0.430998
vt 0.511852 0.431113
vt 0.512080 0.430716
vt 0.511896 0.430899
vt 0.511703 0.431088
vt 0.511789 0.431078
vt 0.131891 0.511551
vt 0.131891 0.511706
vt 0.131742 0.511789
vt 0.131576 0.511703
vt 0.131891 0.511866
vt 0.131740 0.511852
vt 0.131891 0.431088
vt 0.131740 0.431088
vt 0.131576 0.431138
vt 0.131891 0.505333
vt 0.131891 0.505493
vt 0.131742 0.505410
vt 0.131740 0.505333
vt 0.131891 0.505648
vt 0.131576 0.505496
vt 0.505496 0.431088
vt 0.505303 0.430899
vt 0.505321 0.430999
vt 0.505409 0.431078
vt 0.505119 0.430716
vt 0.505222 0.430888
vt 0.505333 0.431138
vt 0.505333 0.431088
vt 0.131657 0.505321
vt 0.131891 0.505333
vt 0.131742 0.505333
vt 0.131576 0.505496
vt 0.131891 0.452428
vt 0.131742 0.452588
vt 0.131576 0.452538
vt 0.505333 0.452538
vt 0.505222 0.452788
vt 0.505321 0.452677
vt 0.505347 0.452563
vt 0.505119 0.452960
vt 0.505303 0.452777
vt 0.505496 0.452588
vt 0.505333 0.452588
vt 0.131657 0.452677
vt 0.277447 0.718421
vt 0.277447 0.747683
vt 0.263636 0.747683
vt 0.248184 0.729108
vt 0.277447 1.133878
vt 0.277447 1.118978
vt 0.263329 1.133610
vt 0.263636 1.133878
vt 0.277447 1.104617
vt 0.248184 1.133878
vt 0.704423 1.133878
vt 0.708399 1.158062
vt 0.701329 1.144171
vt 0.701557 1.133610
vt 0.711944 1.167942
vt 0.699206 1.151187
vt 0.685848 1.133878
vt 0.255571 1.144170
vt 0.277447 -0.104618
vt 0.277447 -0.133878
vt 0.263326 -0.133878
vt 0.248184 -0.133878
vt 0.277447 0.747683
vt 0.277447 0.732784
vt 0.263636 0.738542
vt 0.263326 0.747683
vt 0.277447 0.718421
vt 0.263198 0.729108
vt 0.248184 0.742465
vt 0.248184 0.744589
vt 0.711943 -0.167942
vt 0.708399 -0.158062
vt 0.701329 -0.133878
vt 0.699206 -0.133878
vt 0.704423 -0.133878
vt 0.277447 -0.104618
vt 0.263329 -0.133611
vt 0.277447 -0.133878
vt 0.258402 -0.133878
vt 0.254426 -0.158062
vt 0.261496 -0.144171
vt 0.261266 -0.133611
vt 0.250882 -0.167942
vt 0.263620 -0.133878
vt 0.248184 0.306879
vt 0.263200 0.320237
vt 0.263636 0.310802
vt 0.255571 0.304756
vt 0.277447 0.330924
vt 0.277447 0.316561
vt 0.277447 0.301662
vt 0.263329 0.304526
vt 0.267543 -0.135123
vt 0.277447 0.330924
vt 0.248184 0.320237
vt 0.263631 0.310802
vt 0.277447 0.301662
vt 0.276977 1.133877
vt 0.263619 1.151187
vt 0.261496 1.144175
vt 0.267543 1.135123
vt 0.250882 1.167942
vt 0.254426 1.158062
vt 0.258402 1.133878
vt 0.261268 1.133605
vt 0.277447 1.104617
vt 0.277447 1.118978
vt 0.263326 1.133605
vt 0.277447 1.133878
vt 0.263631 1.135123
vt 0.277447 0.250093
vt 0.277447 0.220831
vt 0.263619 0.232503
vt 0.263178 0.243765
vt 0.277447 1.500000
vt 0.277447 1.485106
vt 0.263283 1.483477
vt 0.263619 1.491779
vt 0.277447 1.470740
vt 0.262787 1.468436
vt 0.248184 1.466682
vt 0.248184 1.500000
vt 0.185092 1.465936
vt 0.192634 1.500000
vt 0.185908 1.500000
vt 0.177572 1.466682
vt 0.248184 0.235894
vt 0.248184 0.229167
vt 0.263283 0.225671
vt 0.777735 1.465936
vt 0.785256 1.466682
vt 0.785256 1.482822
vt 0.770193 1.500000
vt 0.248184 1.466682
vt 0.262789 1.468436
vt 0.248184 1.482822
vt 0.277447 1.470740
vt 0.277447 1.485106
vt 0.277447 1.500000
vt 0.263616 1.500000
vt 0.277447 0.799253
vt 0.263180 0.805582
vt 0.263616 0.828515
vt 0.277447 0.828515
vt 0.248184 0.813453
vt 0.248184 0.828515
vt 0.277447 -0.470739
vt 0.277447 -0.500000
vt 0.263286 -0.483472
vt 0.262789 -0.468436
vt 0.277447 0.220831
vt 0.277447 0.235730
vt 0.263616 0.232503
vt 0.263286 0.225671
vt 0.277447 0.250093
vt 0.263178 0.243765
vt 0.248184 0.235894
vt 0.248184 0.220831
vt 0.185092 -0.465936
vt 0.177572 -0.466682
vt 0.177572 -0.482817
vt 0.192634 -0.500000
vt 0.248184 -0.466682
vt 0.248184 -0.482817
vt 0.263616 -0.491779
vt 0.777735 -0.465936
vt 0.770193 -0.500000
vt 0.776920 -0.500000
vt 0.785256 -0.466682
vt 0.248184 0.813453
vt 0.263178 0.805582
vt 0.263619 0.816844
vt 0.248184 0.820179
vt 0.277447 0.813617
vt 0.263286 0.828515
vt 0.277447 -0.470739
vt 0.262787 -0.468436
vt 0.263286 -0.500000
vt 0.277447 -0.500000
vt 0.248184 -0.466682
vt 0.248184 -0.500000
vt 0.530196 0.718421
vt 0.538858 0.747683
vt 0.524788 0.747683
vt 0.515883 0.720087
vt 0.538858 1.133878
vt 0.545353 1.119230
vt 0.529362 1.118610
vt 0.524788 1.133878
vt 0.547888 1.104617
vt 0.531212 1.104617
vt 0.518625 1.104617
vt 0.518625 1.118610
vt 0.680427 1.104617
vt 0.681002 1.133878
vt 0.704423 1.118610
vt 0.704423 1.104617
vt 0.502279 0.724261
vt 0.518625 0.747683
vt 0.680427 -0.104618
vt 0.704423 -0.104618
vt 0.704423 -0.118575
vt 0.683735 -0.133878
vt 0.518625 -0.104618
vt 0.531136 -0.104618
vt 0.528581 -0.118524
vt 0.518625 -0.118575
vt 0.547888 -0.104618
vt 0.542241 -0.133878
vt 0.542241 0.747683
vt 0.535842 0.732769
vt 0.524334 0.734266
vt 0.528581 0.740997
vt 0.517650 0.722842
vt 0.504188 0.726996
vt 0.524334 -0.126322
vt 0.277447 -0.104618
vt 0.262379 -0.104618
vt 0.263780 -0.118610
vt 0.278231 -0.133878
vt 0.248184 -0.104618
vt 0.248184 -0.118610
vt 0.287664 -0.104618
vt 0.287664 -0.133878
vt 0.258402 -0.118610
vt 0.258402 -0.104618
vt 0.248184 0.330924
vt 0.264531 0.330924
vt 0.264420 0.316931
vt 0.248184 0.301662
vt 0.279930 0.330924
vt 0.279144 0.316312
vt 0.278231 0.301662
vt 0.263780 0.309369
vt 0.264420 -0.126171
vt 0.287664 1.104617
vt 0.258402 1.104617
vt 0.258402 1.118499
vt 0.287664 1.133878
vt 0.248184 1.104617
vt 0.263082 1.104617
vt 0.263982 1.118529
vt 0.248184 1.118499
vt 0.278244 1.118973
vt 0.279136 1.133878
vt 0.264357 1.133878
vt 0.264307 0.330924
vt 0.264357 0.301662
vt 0.279136 0.301662
vt 0.340922 1.104617
vt 0.326331 1.104617
vt 0.325322 1.133878
vt 0.337841 1.133878
vt 0.305458 1.104617
vt 0.309856 1.133878
vt 0.296532 1.133878
vt 0.248184 0.339792
vt 0.264387 0.350400
vt 0.260809 0.359904
vt 0.248184 0.353116
vt 0.280028 0.360186
vt 0.271449 0.370191
vt 0.262782 0.381102
vt 0.254044 0.368582
vt 0.305458 -0.104618
vt 0.309857 -0.133878
vt 0.296534 -0.133878
vt 0.326332 -0.104618
vt 0.325322 -0.133878
vt 0.340922 -0.104618
vt 0.337841 -0.133878
vt 0.262782 0.381101
vt 0.271452 0.370189
vt 0.260809 0.359905
vt 0.254044 0.368583
vt 0.264385 0.350404
vt 0.248184 0.339794
vt 0.248184 0.353116
vt 0.499560 0.059773
vt 0.500392 0.059773
vt 0.500392 0.059459
vt 0.499560 0.059459
vt 0.522486 0.499560
vt 0.522568 0.500392
vt 0.522722 0.500362
vt 0.522643 0.499560
vt 0.522877 0.500331
vt 0.522801 0.499560
vt 0.501193 0.059773
vt 0.501193 0.059459
vt 0.522810 0.501193
vt 0.522956 0.501132
vt 0.523102 0.501072
vt 0.501930 0.059773
vt 0.501930 0.059459
vt 0.523205 0.501930
vt 0.523336 0.501843
vt 0.523467 0.501755
vt 0.502577 0.059773
vt 0.502574 0.059459
vt 0.523732 0.502574
vt 0.523814 0.502506
vt 0.523958 0.502354
vt 0.523735 0.059773
vt 0.524381 0.059773
vt 0.524382 0.059616
vt 0.523738 0.059616
vt 0.524382 0.059459
vt 0.523747 0.059459
vt 0.524382 0.503106
vt 0.524557 0.502845
vt 0.525119 0.059773
vt 0.525119 0.059616
vt 0.525120 0.059459
vt 0.525120 0.503501
vt 0.525240 0.503210
vt 0.525919 0.059773
vt 0.525920 0.059616
vt 0.525920 0.059459
vt 0.525920 0.503743
vt 0.525981 0.503435
vt 0.526752 0.059773
vt 0.526752 0.059616
vt 0.526752 0.059459
vt 0.526752 0.503825
vt 0.526752 0.503511
vt 0.527584 0.059773
vt 0.527584 0.059616
vt 0.527584 0.059459
vt 0.527584 0.503743
vt 0.527523 0.503435
vt 0.528385 0.059773
vt 0.528385 0.059616
vt 0.528384 0.059459
vt 0.528384 0.503501
vt 0.528264 0.503210
vt 0.529122 0.059773
vt 0.529122 0.059616
vt 0.529121 0.059459
vt 0.529121 0.503106
vt 0.528947 0.502845
vt 0.529769 0.059773
vt 0.529766 0.059616
vt 0.529757 0.059459
vt 0.529768 0.502576
vt 0.529545 0.502353
vt 0.502577 0.059773
vt 0.501930 0.059773
vt 0.501930 0.059616
vt 0.502574 0.059616
vt 0.501930 0.059459
vt 0.502565 0.059459
vt 0.530298 0.501930
vt 0.530037 0.501755
vt 0.501193 0.059616
vt 0.501192 0.059459
vt 0.530692 0.501192
vt 0.530402 0.501072
vt 0.500392 0.059773
vt 0.500392 0.059616
vt 0.500392 0.059459
vt 0.530935 0.500392
vt 0.530626 0.500331
vt 0.499560 0.059616
vt 0.499560 0.059459
vt 0.531017 0.499560
vt 0.530703 0.499560
vt 0.498728 0.059773
vt 0.498728 0.059616
vt 0.498728 0.059459
vt 0.530935 0.498728
vt 0.530627 0.498789
vt 0.497927 0.059773
vt 0.497927 0.059616
vt 0.497928 0.059459
vt 0.530692 0.497928
vt 0.530402 0.498048
vt 0.497190 0.059773
vt 0.497190 0.059616
vt 0.497190 0.059459
vt 0.530298 0.497190
vt 0.530037 0.497365
vt 0.496543 0.059773
vt 0.496546 0.059616
vt 0.496555 0.059459
vt 0.529768 0.496544
vt 0.529545 0.496767
vt 0.529769 0.059773
vt 0.529122 0.059773
vt 0.529121 0.496014
vt 0.528947 0.496275
vt 0.528384 0.495620
vt 0.528264 0.495910
vt 0.527584 0.059773
vt 0.527584 0.059616
vt 0.527584 0.495377
vt 0.527523 0.495685
vt 0.526752 0.495295
vt 0.526752 0.495610
vt 0.525919 0.059773
vt 0.525920 0.059616
vt 0.525920 0.495377
vt 0.525981 0.495685
vt 0.525119 0.059616
vt 0.525120 0.059459
vt 0.525120 0.495620
vt 0.525240 0.495910
vt 0.524381 0.059773
vt 0.524382 0.496014
vt 0.524557 0.496275
vt 0.523735 0.059773
vt 0.523738 0.059616
vt 0.523813 0.496614
vt 0.523958 0.496767
vt 0.496543 0.059773
vt 0.497190 0.059773
vt 0.497190 0.059459
vt 0.496546 0.059459
vt 0.523732 0.496546
vt 0.523205 0.497190
vt 0.523336 0.497277
vt 0.523467 0.497365
vt 0.497927 0.059459
vt 0.522810 0.497927
vt 0.522956 0.497988
vt 0.523102 0.498048
vt 0.498728 0.059773
vt 0.498728 0.059459
vt 0.522568 0.498728
vt 0.522722 0.498759
vt 0.522877 0.498789
vt 0.513394 -0.025756
vt 0.131576 -0.025756
vt 0.131576 -0.025914
vt 0.513394 -0.025914
vt 0.513394 0.494736
vt 0.131576 0.494736
vt 0.131576 0.495050
vt 0.513394 0.495050
vt 0.503512 0.937565
vt 0.122485 0.937565
vt 0.122642 0.937565
vt 0.122800 0.937565
vt 0.513394 0.503512
vt 0.513394 0.503669
vt 0.513394 0.503827
vt 0.513394 0.946656
vt 0.513394 0.946342
vt 0.131576 0.503512
vt 0.131576 0.503669
vt 0.131576 0.946656
vt 0.131576 0.946342
vt 0.513394 0.494736
vt 0.513394 0.494893
vt 0.131576 0.494893
vt 0.513394 0.495050
vt 0.495050 0.937565
vt 0.494736 0.937565
vt 0.522171 0.937565
vt 0.522328 0.937565
vt 0.522485 0.937565
vt 0.494736 0.937565
vt 0.495050 0.937565
vt 0.503512 0.937565
vt 0.499560 0.887050
vt 0.500392 0.887050
vt 0.500392 0.886892
vt 0.499560 0.886892
vt 0.500392 0.886735
vt 0.499560 0.886735
vt 0.522487 0.499560
vt 0.522569 0.500392
vt 0.501193 0.887050
vt 0.501193 0.886892
vt 0.501192 0.886735
vt 0.522811 0.501192
vt 0.501930 0.887050
vt 0.501930 0.886892
vt 0.501930 0.886735
vt 0.523206 0.501930
vt 0.502577 0.887050
vt 0.502574 0.886892
vt 0.502565 0.886735
vt 0.523736 0.502576
vt 0.523735 0.887050
vt 0.524381 0.887050
vt 0.524382 0.886892
vt 0.523738 0.886892
vt 0.524382 0.886735
vt 0.523747 0.886735
vt 0.525119 0.887050
vt 0.525119 0.886892
vt 0.525120 0.886735
vt 0.525919 0.887050
vt 0.525920 0.886892
vt 0.525920 0.886735
vt 0.526752 0.887050
vt 0.526752 0.886892
vt 0.526752 0.886735
vt 0.527584 0.887050
vt 0.527584 0.886892
vt 0.527584 0.886735
vt 0.528385 0.887050
vt 0.528385 0.886892
vt 0.528384 0.886735
vt 0.529122 0.887050
vt 0.529122 0.886892
vt 0.529121 0.886735
vt 0.529769 0.887050
vt 0.529766 0.886892
vt 0.529757 0.886735
vt 0.501930 0.886892
vt 0.502574 0.886892
vt 0.501193 0.886892
vt 0.501192 0.886735
vt 0.499560 0.886892
vt 0.498728 0.887050
vt 0.498728 0.886892
vt 0.498728 0.886735
vt 0.497927 0.887050
vt 0.497927 0.886892
vt 0.497928 0.886735
vt 0.497190 0.887050
vt 0.497190 0.886892
vt 0.497190 0.886735
vt 0.496543 0.887050
vt 0.496546 0.886892
vt 0.496555 0.886735
vt 0.529766 0.886892
vt 0.528385 0.886892
vt 0.526752 0.886735
vt 0.525920 0.886892
vt 0.525119 0.886892
vt 0.524382 0.886892
vt 0.523738 0.886892
vt 0.523736 0.496544
vt 0.496543 0.887050
vt 0.496546 0.886892
vt 0.496555 0.886735
vt 0.523206 0.497190
vt 0.497927 0.886892
vt 0.522811 0.497928
vt 0.498728 0.886892
vt 0.498728 0.886735
vt 0.522569 0.498728
vt 0.499560 0.473411
vt 0.500392 0.473411
vt 0.500392 0.473254
vt 0.499560 0.473254
vt 0.500392 0.473097
vt 0.499560 0.473097
vt 0.501193 0.473411
vt 0.501193 0.473254
vt 0.501192 0.473097
vt 0.522811 0.501192
vt 0.501930 0.473411
vt 0.501930 0.473254
vt 0.501930 0.473097
vt 0.502577 0.473411
vt 0.502574 0.473254
vt 0.502565 0.473097
vt 0.523735 0.473411
vt 0.524381 0.473411
vt 0.524382 0.473254
vt 0.523738 0.473254
vt 0.524382 0.473097
vt 0.523747 0.473097
vt 0.524382 0.503106
vt 0.525119 0.473411
vt 0.525119 0.473254
vt 0.525120 0.473097
vt 0.525920 0.473411
vt 0.525920 0.473254
vt 0.525920 0.473097
vt 0.526752 0.473411
vt 0.526752 0.473254
vt 0.526752 0.473097
vt 0.527584 0.473411
vt 0.527584 0.473254
vt 0.527584 0.473097
vt 0.528385 0.473411
vt 0.528385 0.473254
vt 0.528384 0.473097
vt 0.529122 0.473411
vt 0.529122 0.473254
vt 0.529121 0.473097
vt 0.529122 0.503106
vt 0.529769 0.473411
vt 0.529766 0.473254
vt 0.529757 0.473097
vt 0.501930 0.473254
vt 0.502574 0.473254
vt 0.501930 0.473097
vt 0.501193 0.473254
vt 0.500392 0.473097
vt 0.499560 0.473254
vt 0.499560 0.473097
vt 0.498728 0.473411
vt 0.498728 0.473254
vt 0.498728 0.473097
vt 0.497927 0.473411
vt 0.497927 0.473254
vt 0.497928 0.473097
vt 0.497190 0.473411
vt 0.497190 0.473254
vt 0.497190 0.473097
vt 0.496543 0.473411
vt 0.496546 0.473254
vt 0.496555 0.473097
vt 0.529122 0.473254
vt 0.529766 0.473254
vt 0.528385 0.473254
vt 0.528384 0.473097
vt 0.527584 0.473097
vt 0.526752 0.473097
vt 0.525920 0.473254
vt 0.525920 0.473097
vt 0.525119 0.473254
vt 0.525120 0.473097
vt 0.524382 0.473097
vt 0.523738 0.473254
vt 0.523747 0.473097
vt 0.496546 0.473254
vt 0.497190 0.473097
vt 0.496555 0.473097
vt 0.523206 0.497190
vt 0.497927 0.473254
vt 0.497928 0.473097
vt 0.498728 0.473254
vt 0.498728 0.473097
vt 0.495050 0.428474
vt 0.495050 0.455202
vt 0.494736 0.455202
vt 0.494736 0.428474
vt 0.522485 0.428474
vt 0.522485 0.455202
vt 0.522328 0.455202
vt 0.522328 0.428474
vt 0.522171 0.455202
vt 0.522171 0.428474
vt 0.503512 0.455202
vt 0.503512 0.428474
vt 0.503827 0.428474
vt 0.503827 0.455202
vt 0.504141 0.428474
vt 0.504141 0.455202
vt 0.503984 0.455202
vt 0.503984 0.428474
vt 0.513709 0.455202
vt 0.513709 0.428474
vt 0.495050 0.455202
vt 0.495050 0.428474
vt 0.494736 0.428474
vt 0.494736 0.455202
vt 0.122485 0.455202
vt 0.122485 0.428474
vt 0.122642 0.428474
vt 0.122642 0.455202
vt 0.122800 0.428474
vt 0.122800 0.455202
vt 0.122800 0.455202
vt 0.122800 0.428474
vt 0.513080 0.428474
vt 0.513080 0.455202
vt 0.513237 0.455202
vt 0.513237 0.428474
vt 0.513215 0.455202
vt 0.513215 0.428474
vt 0.513058 0.455202
vt 0.513058 0.428474
vt 0.131261 0.428474
vt 0.131261 0.455202
vt 0.131419 0.455202
vt 0.131419 0.428474
vt 0.504141 0.428474
vt 0.131891 0.455202
vt 0.131891 0.428474
vt 0.131733 0.428474
vt 0.131733 0.455202
vt 0.513372 0.455202
vt 0.513372 0.428474
vt 0.513058 0.428474
vt 0.136965 0.431402
vt 0.136965 0.431088
vt 0.136965 0.505333
vt 0.136965 0.505490
vt 0.136965 0.505648
vt 0.136965 0.511866
vt 0.136965 0.511708
vt 0.136965 0.511551
vt 0.136965 0.452588
vt 0.136965 0.452431
vt 0.136965 0.452273
vt 0.136965 0.511551
vt 0.136965 0.452431
vt 0.749453 -0.470740
vt 0.749453 -0.500000
vt 0.749453 0.220831
vt 0.749453 0.235462
vt 0.749453 0.250093
vt 0.749453 -0.470739
vt 0.749453 0.828515
vt 0.749453 0.813884
vt 0.749453 0.799253
vt 0.749453 0.250093
vt 0.749453 1.500000
vt 0.749453 1.485373
vt 0.749453 1.470740
vt 0.749453 1.485373
vt 0.749453 1.470740
vt 0.638508 -0.104618
vt 0.638508 -0.133878
vt 0.638508 0.747683
vt 0.638508 0.733052
vt 0.638508 0.718421
vt 0.638508 -0.104618
vt 0.638508 0.301662
vt 0.638508 0.316293
vt 0.638508 0.330924
vt 0.638508 1.133878
vt 0.638508 1.119245
vt 0.638508 1.104617
vt 0.908949 -0.104618
vt 0.908949 -0.133878
vt 0.908949 0.747683
vt 0.908949 0.733052
vt 0.908949 0.718421
vt 0.908949 -0.104618
vt 0.908949 0.301662
vt 0.908949 0.316293
vt 0.908949 0.330924
vt 0.908949 1.133878
vt 0.908949 1.119245
vt 0.908949 1.104617
vt 0.908949 0.718421
vt 0.908949 0.360186
vt 0.499729 0.465682
vt 0.498867 0.465682
vt 0.498867 0.468809
vt 0.499729 0.468809
vt 0.505685 0.493182
vt 0.505685 0.506818
vt 0.492049 0.506818
vt 0.494450 0.500000
vt 0.494535 0.500862
vt 0.494786 0.501690
vt 0.495194 0.502454
vt 0.495744 0.503123
vt 0.496413 0.503673
vt 0.497177 0.504081
vt 0.498005 0.504332
vt 0.498867 0.504417
vt 0.499729 0.504332
vt 0.500557 0.504081
vt 0.501321 0.503673
vt 0.501990 0.503123
vt 0.502540 0.502454
vt 0.502948 0.501690
vt 0.503199 0.500862
vt 0.503284 0.500000
vt 0.470227 0.493182
vt 0.470227 0.506818
vt 0.478889 0.506818
vt 0.478889 0.493182
vt 0.492049 0.493182
vt 0.560231 0.506818
vt 0.560231 0.493182
vt 0.492049 0.470227
vt 0.492049 0.478889
vt 0.505685 0.478889
vt 0.505685 0.470227
vt 0.492049 0.465682
vt 0.505685 0.465682
vt 0.479747 0.493182
vt 0.479747 0.506818
vt 0.488409 0.506818
vt 0.488409 0.493182
vt 0.478889 0.493182
vt 0.478889 0.506818
vt 0.492049 0.488409
vt 0.492049 0.479747
vt 0.505685 0.479747
vt 0.505685 0.488409
vt 0.465682 0.493182
vt 0.465682 0.506818
vt 0.560231 0.470227
vt 0.560231 0.465682
vt 0.505412 0.479318
vt 0.492322 0.479318
vt 0.479318 0.493455
vt 0.479318 0.506545
vt 0.512231 0.513364
vt 0.485503 0.513364
vt 0.485503 0.486636
vt 0.512231 0.486636
vt 0.505937 0.492931
vt 0.504421 0.491687
vt 0.502693 0.490763
vt 0.500817 0.490194
vt 0.498867 0.490002
vt 0.496917 0.490194
vt 0.495041 0.490763
vt 0.493313 0.491687
vt 0.491798 0.492931
vt 0.490554 0.494446
vt 0.489630 0.496174
vt 0.489061 0.498050
vt 0.488869 0.500000
vt 0.489061 0.501951
vt 0.489630 0.503826
vt 0.490554 0.505554
vt 0.491798 0.507070
vt 0.493313 0.508313
vt 0.495041 0.509237
vt 0.496917 0.509806
vt 0.498867 0.509998
vt 0.500817 0.509806
vt 0.502693 0.509237
vt 0.504421 0.508313
vt 0.505937 0.507070
vt 0.507180 0.505554
vt 0.508104 0.503826
vt 0.508673 0.501951
vt 0.508865 0.500000
vt 0.508673 0.498050
vt 0.508104 0.496174
vt 0.507180 0.494446
vt 0.485503 0.488409
vt 0.512231 0.488409
vt 0.512231 0.490682
vt 0.485503 0.490682
vt 0.488409 0.486636
vt 0.488409 0.513364
vt 0.490682 0.513364
vt 0.490682 0.486636
vt 0.488409 0.501951
vt 0.488409 0.500000
vt 0.490682 0.500000
vt 0.490682 0.501951
vt 0.488409 0.505554
vt 0.488409 0.507070
vt 0.490682 0.507070
vt 0.490682 0.505554
vt 0.488409 0.503826
vt 0.490682 0.503826
vt 0.504421 0.488409
vt 0.505937 0.488409
vt 0.505937 0.490682
vt 0.504421 0.490682
vt 0.502693 0.488409
vt 0.502693 0.490682
vt 0.500817 0.488409
vt 0.500817 0.490682
vt 0.493313 0.488409
vt 0.491798 0.488409
vt 0.491798 0.490682
vt 0.493313 0.490682
vt 0.498867 0.488409
vt 0.498867 0.490682
vt 0.488409 0.498050
vt 0.490682 0.498050
vt 0.495041 0.488409
vt 0.495041 0.490682
vt 0.496917 0.488409
vt 0.496917 0.490682
vt 0.488409 0.496174
vt 0.490682 0.496174
vt 0.488409 0.494446
vt 0.490682 0.494446
vt 0.488409 0.492931
vt 0.490682 0.492931
vt 0.488409 0.501951
vt 0.490682 0.501951
vt 0.490682 0.500000
vt 0.488409 0.500000
vt 0.488409 0.505554
vt 0.490682 0.505554
vt 0.490682 0.507070
vt 0.488409 0.507070
vt 0.488409 0.503826
vt 0.490682 0.503826
vt 0.504421 0.488409
vt 0.504421 0.490682
vt 0.505937 0.490682
vt 0.505937 0.488409
vt 0.502693 0.488409
vt 0.502693 0.490682
vt 0.500817 0.488409
vt 0.500817 0.490682
vt 0.493313 0.488409
vt 0.493313 0.490682
vt 0.491798 0.490682
vt 0.491798 0.488409
vt 0.498867 0.488409
vt 0.498867 0.490682
vt 0.488409 0.498050
vt 0.490682 0.498050
vt 0.495041 0.488409
vt 0.495041 0.490682
vt 0.496917 0.488409
vt 0.496917 0.490682
vt 0.488409 0.496174
vt 0.490682 0.496174
vt 0.488409 0.494446
vt 0.490682 0.494446
vt 0.490682 0.492931
vt 0.488409 0.492931
vt 0.499729 0.465682
vt 0.499729 0.468809
vt 0.498867 0.468809
vt 0.498867 0.465682
vt 0.503199 0.499138
vt 0.502948 0.498310
vt 0.502540 0.497546
vt 0.501990 0.496877
vt 0.501321 0.496327
vt 0.500557 0.495919
vt 0.499729 0.495668
vt 0.498867 0.495583
vt 0.498005 0.495668
vt 0.497177 0.495919
vt 0.496413 0.496327
vt 0.495744 0.496877
vt 0.495194 0.497546
vt 0.494786 0.498310
vt 0.494535 0.499138
vt 0.501990 0.465682
vt 0.501990 0.468809
vt 0.501321 0.468809
vt 0.501321 0.465682
vt 0.500557 0.468809
vt 0.500557 0.465682
vt 0.498005 0.465682
vt 0.498005 0.468809
vt 0.497177 0.468809
vt 0.497177 0.465682
vt 0.496413 0.465682
vt 0.496413 0.468809
vt 0.495744 0.468809
vt 0.495744 0.465682
vt 0.465682 0.500000
vt 0.468809 0.500000
vt 0.468809 0.500862
vt 0.465682 0.500862
vt 0.468809 0.499138
vt 0.465682 0.499138
vt 0.468809 0.501690
vt 0.465682 0.501690
vt 0.465682 0.496877
vt 0.468809 0.496877
vt 0.468809 0.497546
vt 0.465682 0.497546
vt 0.465682 0.502454
vt 0.468809 0.502454
vt 0.468809 0.498310
vt 0.465682 0.498310
vt 0.468809 0.503123
vt 0.465682 0.503123
vt 0.501990 0.465682
vt 0.501321 0.465682
vt 0.501321 0.468809
vt 0.501990 0.468809
vt 0.500557 0.465682
vt 0.500557 0.468809
vt 0.498005 0.465682
vt 0.498005 0.468809
vt 0.497177 0.465682
vt 0.497177 0.468809
vt 0.496413 0.465682
vt 0.495744 0.465682
vt 0.495744 0.468809
vt 0.496413 0.468809
vt 0.465682 0.500000
vt 0.465682 0.500862
vt 0.468809 0.500862
vt 0.468809 0.500000
vt 0.465682 0.499138
vt 0.468809 0.499138
vt 0.465682 0.501690
vt 0.468809 0.501690
vt 0.465682 0.496877
vt 0.465682 0.497546
vt 0.468809 0.497546
vt 0.468809 0.496877
vt 0.465682 0.502454
vt 0.468809 0.502454
vt 0.465682 0.498310
vt 0.468809 0.498310
vt 0.465682 0.503123
vt 0.468809 0.503123
vt 0.501990 0.499410
vt 0.495744 0.500590
vt 0.501990 0.500590
vt 0.495744 0.499410
vt 0.465682 0.499410
vt 0.472386 0.499410
vt 0.472386 0.500590
vt 0.465682 0.500590
vt 0.501990 0.499410
vt 0.501990 0.500590
vt 0.501990 0.465682
vt 0.501990 0.472386
vt 0.495744 0.472386
vt 0.499729 0.534318
vt 0.499729 0.531191
vt 0.498867 0.531191
vt 0.498867 0.534318
vt 0.505685 0.506818
vt 0.505685 0.493182
vt 0.492049 0.493182
vt 0.494450 0.500000
vt 0.494535 0.499138
vt 0.494786 0.498310
vt 0.495194 0.497546
vt 0.495744 0.496877
vt 0.496413 0.496327
vt 0.497177 0.495919
vt 0.498005 0.495668
vt 0.498867 0.495583
vt 0.499729 0.495668
vt 0.500557 0.495919
vt 0.501321 0.496327
vt 0.501990 0.496877
vt 0.502540 0.497546
vt 0.502948 0.498310
vt 0.503199 0.499138
vt 0.503284 0.500000
vt 0.529773 0.506818
vt 0.529773 0.493182
vt 0.521110 0.493182
vt 0.521110 0.506818
vt 0.492049 0.506818
vt 0.560231 0.493182
vt 0.560231 0.506818
vt 0.492049 0.529773
vt 0.492049 0.521110
vt 0.505685 0.521110
vt 0.505685 0.529773
vt 0.492049 0.534318
vt 0.505685 0.534318
vt 0.520253 0.506818
vt 0.520253 0.493182
vt 0.511591 0.493182
vt 0.511591 0.506818
vt 0.492049 0.511591
vt 0.492049 0.520253
vt 0.505685 0.520253
vt 0.505685 0.511591
vt 0.534318 0.506818
vt 0.534318 0.493182
vt 0.560231 0.529773
vt 0.560231 0.534318
vt 0.505412 0.520682
vt 0.492322 0.520682
vt 0.520682 0.506545
vt 0.520682 0.493455
vt 0.512231 0.486636
vt 0.485503 0.486636
vt 0.485503 0.513364
vt 0.512231 0.513364
vt 0.505937 0.507069
vt 0.504421 0.508313
vt 0.502693 0.509237
vt 0.500817 0.509806
vt 0.498867 0.509998
vt 0.496917 0.509806
vt 0.495041 0.509237
vt 0.493313 0.508313
vt 0.491798 0.507069
vt 0.490554 0.505554
vt 0.489630 0.503826
vt 0.489061 0.501950
vt 0.488869 0.500000
vt 0.489061 0.498049
vt 0.489630 0.496174
vt 0.490554 0.494446
vt 0.491798 0.492930
vt 0.493313 0.491687
vt 0.495041 0.490763
vt 0.496917 0.490194
vt 0.498867 0.490002
vt 0.500817 0.490194
vt 0.502693 0.490763
vt 0.504421 0.491687
vt 0.505937 0.492930
vt 0.507180 0.494446
vt 0.508104 0.496174
vt 0.508673 0.498049
vt 0.508865 0.500000
vt 0.508673 0.501950
vt 0.508104 0.503826
vt 0.507180 0.505554
vt 0.485503 0.511591
vt 0.512231 0.511591
vt 0.512231 0.509318
vt 0.485503 0.509318
vt 0.511591 0.513364
vt 0.511591 0.486636
vt 0.509318 0.486636
vt 0.509318 0.513364
vt 0.511591 0.498049
vt 0.511591 0.500000
vt 0.509318 0.500000
vt 0.509318 0.498049
vt 0.511591 0.494446
vt 0.511591 0.492930
vt 0.509318 0.492930
vt 0.509318 0.494446
vt 0.511591 0.496174
vt 0.509318 0.496174
vt 0.504421 0.511591
vt 0.505937 0.511591
vt 0.505937 0.509318
vt 0.504421 0.509318
vt 0.502693 0.511591
vt 0.502693 0.509318
vt 0.500817 0.511591
vt 0.500817 0.509318
vt 0.493313 0.511591
vt 0.491798 0.511591
vt 0.491798 0.509318
vt 0.493313 0.509318
vt 0.498867 0.511591
vt 0.498867 0.509318
vt 0.511591 0.501950
vt 0.509318 0.501950
vt 0.495041 0.511591
vt 0.495041 0.509318
vt 0.496917 0.511591
vt 0.496917 0.509318
vt 0.511591 0.503826
vt 0.509318 0.503826
vt 0.511591 0.505554
vt 0.509318 0.505554
vt 0.511591 0.507069
vt 0.509318 0.507069
vt 0.511591 0.498049
vt 0.511591 0.500000
vt 0.509318 0.500000
vt 0.509318 0.498049
vt 0.511591 0.494446
vt 0.511591 0.492930
vt 0.509318 0.492930
vt 0.509318 0.494446
vt 0.511591 0.496174
vt 0.509318 0.496174
vt 0.504421 0.511591
vt 0.505937 0.511591
vt 0.505937 0.509318
vt 0.504421 0.509318
vt 0.502693 0.511591
vt 0.502693 0.509318
vt 0.500817 0.511591
vt 0.500817 0.509318
vt 0.493313 0.511591
vt 0.491798 0.511591
vt 0.491798 0.509318
vt 0.493313 0.509318
vt 0.498867 0.511591
vt 0.498867 0.509318
vt 0.511591 0.501950
vt 0.509318 0.501950
vt 0.495041 0.511591
vt 0.495041 0.509318
vt 0.496917 0.511591
vt 0.496917 0.509318
vt 0.511591 0.503826
vt 0.509318 0.503826
vt 0.511591 0.505554
vt 0.509318 0.505554
vt 0.511591 0.507069
vt 0.509318 0.507069
vt 0.499729 0.534318
vt 0.498867 0.534318
vt 0.503199 0.500862
vt 0.502948 0.501690
vt 0.502540 0.502454
vt 0.501990 0.503123
vt 0.501321 0.503673
vt 0.500557 0.504081
vt 0.499729 0.504332
vt 0.498867 0.504417
vt 0.498005 0.504332
vt 0.497177 0.504081
vt 0.496413 0.503673
vt 0.495744 0.503123
vt 0.495194 0.502454
vt 0.494786 0.501690
vt 0.494535 0.500862
vt 0.501990 0.534318
vt 0.501990 0.531191
vt 0.501321 0.531191
vt 0.501321 0.534318
vt 0.500557 0.531191
vt 0.500557 0.534318
vt 0.498005 0.534318
vt 0.498005 0.531191
vt 0.497177 0.531191
vt 0.497177 0.534318
vt 0.496413 0.534318
vt 0.496413 0.531191
vt 0.495744 0.531191
vt 0.495744 0.534318
vt 0.534318 0.500000
vt 0.531191 0.500000
vt 0.531191 0.499138
vt 0.534318 0.499138
vt 0.531191 0.500862
vt 0.534318 0.500862
vt 0.531191 0.498310
vt 0.534318 0.498310
vt 0.534318 0.503123
vt 0.531191 0.503123
vt 0.531191 0.502454
vt 0.534318 0.502454
vt 0.534318 0.497546
vt 0.531191 0.497546
vt 0.531191 0.501690
vt 0.534318 0.501690
vt 0.531191 0.496877
vt 0.534318 0.496877
vt 0.501990 0.534318
vt 0.501321 0.534318
vt 0.500557 0.534318
vt 0.498005 0.534318
vt 0.497177 0.534318
vt 0.496413 0.534318
vt 0.495744 0.534318
vt 0.534318 0.500000
vt 0.534318 0.499138
vt 0.534318 0.500862
vt 0.534318 0.498310
vt 0.534318 0.503123
vt 0.534318 0.502454
vt 0.534318 0.497546
vt 0.534318 0.501690
vt 0.534318 0.496877
vt 0.501990 0.500590
vt 0.495744 0.499410
vt 0.501990 0.499410
vt 0.495744 0.500590
vt 0.534318 0.500590
vt 0.534318 0.499410
vt 0.527614 0.499410
vt 0.527614 0.500590
vt 0.495744 0.527614
vt 0.501990 0.527614
s 1
usemtl Door_paint
f 194/314/292 585/315/292 582/316/292 195/317/292
f 582/316/292 585/315/292 584/318/292 583/319/292
f 716/320/293 719/321/294 721/322/295 720/323/296
f 719/321/297 723/324/298 724/325/299 721/322/300
f 717/326/301 722/327/302 724/328/303 723/329/304
f 722/330/305 726/331/306 727/332/307 724/333/308
f 718/334/309 725/335/310 727/332/311 726/331/312
f 725/336/313 720/323/296 721/322/300 727/337/307
f 721/322/300 724/325/314 727/337/307
f 728/338/315 731/339/316 733/340/317 732/341/318
f 731/339/319 735/342/320 736/343/321 733/340/322
f 729/344/323 734/331/324 736/343/321 735/342/325
f 734/331/324 738/330/326 739/345/327 736/343/321
f 730/346/328 737/347/329 739/348/330 738/349/326
f 737/350/331 732/341/332 733/340/333 739/345/334
f 733/340/335 736/343/321 739/345/327
f 740/351/336 743/352/337 745/353/338 744/354/339
f 743/352/337 747/355/340 748/356/341 745/353/338
f 741/357/342 746/358/343 748/359/341 747/360/340
f 746/361/344 750/362/345 751/363/346 748/356/341
f 742/364/347 749/365/348 751/363/349 750/362/350
f 749/365/351 744/354/339 745/353/352 751/363/353
f 745/353/354 748/356/341 751/363/355
f 752/366/356 755/367/357 757/368/358 756/369/359
f 755/367/360 759/370/361 760/371/362 757/368/358
f 753/364/363 758/372/364 760/373/362 759/374/365
f 758/375/366 762/376/367 763/377/368 760/378/362
f 754/379/369 761/380/370 763/377/371 762/376/372
f 761/381/370 756/369/373 757/368/374 763/382/368
f 757/368/374 760/371/362 763/382/368
f 764/383/375 767/384/376 769/385/377 768/386/378
f 767/384/379 771/387/380 772/387/381 769/385/382
f 765/388/383 770/389/384 772/389/385 771/389/380
f 770/390/384 774/391/386 775/392/387 772/390/388
f 766/393/389 773/394/390 775/392/391 774/391/386
f 773/394/390 768/395/392 769/396/382 775/392/393
f 769/385/382 772/387/394 775/397/387
f 776/383/395 779/398/396 781/399/397 780/400/398
f 779/398/399 783/401/400 784/402/401 781/399/402
f 777/403/403 782/404/404 784/405/405 783/406/406
f 782/404/407 786/407/408 787/407/409 784/405/410
f 778/408/411 785/409/412 787/409/413 786/409/408
f 785/387/412 780/400/398 781/399/414 787/387/413
f 781/399/414 784/402/401 787/387/409
f 788/410/415 791/317/416 793/317/417 792/411/418
f 791/412/416 795/413/419 796/414/420 793/412/417
f 789/415/421 794/416/422 796/414/420 795/413/423
f 794/416/424 798/417/425 799/418/426 796/414/427
f 790/419/428 797/420/429 799/421/430 798/422/425
f 797/423/431 792/411/432 793/317/417 799/317/433
f 793/412/417 796/414/420 799/418/433
f 800/424/434 803/425/435 805/426/436 804/427/437
f 803/425/435 807/428/438 808/389/439 805/426/436
f 801/429/440 806/430/441 808/431/442 807/417/443
f 806/432/444 810/433/445 811/434/446 808/435/442
f 802/436/447 809/437/418 811/434/448 810/433/445
f 809/437/418 804/438/449 805/439/450 811/434/446
f 805/439/450 808/435/442 811/434/446
f 820/440/451 823/441/452 825/442/453 824/443/454
f 823/444/455 827/445/456 828/446/457 825/447/458
f 821/448/459 826/449/460 828/446/461 827/445/296
f 826/449/460 830/450/462 831/451/299 828/446/463
f 822/452/464 829/453/465 831/454/466 830/455/467
f 829/456/468 824/443/469 825/442/470 831/387/308
f 825/447/307 828/446/457 831/451/314
f 836/457/471 839/458/472 841/459/473 840/460/474
f 839/458/475 843/461/476 844/462/477 841/459/473
f 837/463/478 842/464/479 844/465/480 843/466/481
f 842/450/482 846/467/483 847/468/484 844/469/477
f 838/470/485 845/471/486 847/468/484 846/467/483
f 845/471/486 840/472/487 841/473/488 847/468/484
f 841/459/488 844/462/477 847/474/484
f 868/475/489 871/476/490 873/477/491 872/478/492
f 871/476/490 875/479/493 876/480/494 873/477/491
f 869/481/495 874/482/496 876/483/497 875/484/498
f 874/485/499 878/486/500 879/487/501 876/488/502
f 870/489/503 877/490/504 879/487/501 878/486/505
f 877/490/506 872/491/507 873/492/508 879/487/501
f 873/477/508 876/480/509 879/493/510
f 880/494/511 883/495/512 885/496/513 884/497/514
f 883/479/512 887/476/515 888/498/516 885/499/513
f 881/500/517 886/501/518 888/498/516 887/476/519
f 886/502/518 890/503/520 891/504/521 888/505/516
f 882/506/522 889/507/523 891/504/524 890/503/525
f 889/507/523 884/508/526 885/509/527 891/504/524
f 885/499/528 888/498/516 891/510/529
f 896/511/530 899/512/531 901/513/321 900/514/325
f 899/515/532 903/516/533 904/517/327 901/518/321
f 897/519/534 902/520/535 904/517/330 903/516/536
f 902/521/535 906/522/537 907/523/333 904/524/334
f 898/525/538 905/526/316 907/523/317 906/522/539
f 905/526/319 900/527/320 901/528/321 907/523/322
f 901/518/321 904/517/327 907/529/335
f 912/530/540 915/531/541 917/532/542 916/533/543
f 915/534/544 919/535/545 920/536/546 917/537/542
f 913/538/547 918/522/548 920/536/549 919/535/545
f 918/522/550 922/521/551 923/539/552 920/536/553
f 914/540/554 921/541/555 923/542/556 922/543/551
f 921/541/557 916/544/558 917/545/542 923/542/559
f 917/537/542 920/536/560 923/539/561
f 924/546/562 927/547/563 929/548/564 928/549/565
f 927/547/563 931/550/566 932/551/567 929/548/564
f 925/552/568 930/553/569 932/554/570 931/555/571
f 930/553/569 934/556/572 935/557/573 932/554/574
f 926/558/575 933/559/576 935/560/573 934/561/572
f 933/562/577 928/549/578 929/548/564 935/563/579
f 929/548/564 932/551/580 935/563/581
f 936/564/582 939/555/583 941/565/338 940/566/584
f 939/567/585 943/568/586 944/569/587 941/570/338
f 937/571/588 942/572/589 944/569/590 943/568/591
f 942/572/589 946/573/592 947/574/593 944/569/590
f 938/575/594 945/484/595 947/576/593 946/482/596
f 945/556/597 940/566/598 941/565/352 947/557/593
f 941/570/338 944/569/587 947/574/593
f 1212/577/599 1215/578/600 1217/579/601 1216/580/602
f 1215/581/603 1219/582/604 1220/583/605 1217/584/606
f 1213/585/607 1218/586/608 1220/583/609 1219/582/610
f 1218/586/611 1222/587/612 1223/588/613 1220/583/609
f 1214/589/614 1221/590/615 1223/591/616 1222/592/617
f 1221/590/618 1216/593/602 1217/594/619 1223/591/616
f 1217/584/606 1220/583/620 1223/588/613
f 1224/595/621 1227/596/622 1229/597/623 1228/598/624
f 1227/599/622 1231/600/625 1232/601/626 1229/602/627
f 1225/603/628 1230/604/629 1232/601/630 1231/600/631
f 1230/604/632 1234/605/633 1235/606/634 1232/601/635
f 1226/607/636 1233/608/637 1235/609/638 1234/610/639
f 1233/608/640 1228/611/641 1229/612/623 1235/609/642
f 1229/602/627 1232/601/643 1235/606/644
f 1244/595/645 1247/613/646 1249/614/647 1248/615/648
f 1247/616/649 1251/617/650 1252/618/651 1249/619/647
f 1245/620/652 1250/621/653 1252/618/651 1251/617/650
f 1250/622/653 1254/623/654 1255/624/655 1252/625/651
f 1246/626/656 1253/627/657 1255/624/658 1254/623/659
f 1253/627/660 1248/628/661 1249/629/662 1255/624/655
f 1249/619/662 1252/618/663 1255/630/655
f 1256/620/664 1259/631/665 1261/632/666 1260/633/667
f 1259/593/665 1263/634/668 1264/591/669 1261/635/670
f 1257/589/671 1262/636/672 1264/591/673 1263/634/674
f 1262/637/672 1266/638/675 1267/639/676 1264/640/669
f 1258/641/677 1265/642/678 1267/639/679 1266/638/675
f 1265/642/680 1260/643/681 1261/644/682 1267/639/679
f 1261/635/682 1264/591/673 1267/645/683
f 754/379/1120 741/357/1121 747/360/1122 761/380/1123
f 761/381/370 747/355/1124 743/352/337 756/369/373
f 756/369/359 743/352/1125 740/351/336 752/366/356
f 730/346/328 717/326/1126 723/329/304 737/347/1127
f 737/350/331 723/324/1128 719/321/294 732/341/1129
f 732/341/318 719/321/1130 716/320/1131 728/338/1132
f 802/436/1133 788/410/415 792/411/432 809/437/418
f 809/437/1134 792/411/1135 797/423/1136 804/438/437
f 804/427/449 797/420/1137 790/419/1138 800/424/1139
f 741/357/342 790/419/428 798/422/425 746/358/1140
f 746/361/1141 798/417/1142 794/416/422 750/362/1143
f 750/362/350 794/416/422 789/415/1144 742/364/1145
f 800/424/1146 754/379/369 762/376/372 803/425/435
f 803/425/1147 762/376/1148 758/375/366 807/428/1149
f 807/417/443 758/372/1150 753/364/363 801/429/1151
f 764/383/1152 718/334/309 726/331/312 767/384/376
f 767/384/376 726/331/1153 722/330/1154 771/387/380
f 771/389/1155 722/327/1156 717/326/301 765/388/383
f 729/344/323 776/383/530 780/400/1157 734/331/1158
f 734/331/324 780/400/398 785/387/1159 738/330/1160
f 738/349/1161 785/409/412 778/408/411 730/346/1162
f 813/1037/1163 816/1038/1163 818/1039/1164 815/1040/1164
f 815/1040/1165 818/1039/1165 819/390/1166 814/407/1166
f 814/1041/1167 819/1042/1167 817/1043/1168 812/1044/1168
f 833/1045/1169 869/481/1170 875/484/1171 835/412/1172
f 835/1046/1172 875/479/1173 871/476/1174 834/1047/1175
f 834/1047/1176 871/476/1177 868/475/489 832/1048/1178
f 857/1049/1179 937/571/588 943/568/586 859/1050/1180
f 859/1050/1181 943/568/586 939/567/585 858/1051/1182
f 858/1052/1183 939/555/583 936/564/582 856/1053/1184
f 836/457/471 820/440/1152 824/443/1185 839/458/1186
f 839/458/475 824/443/1187 829/456/468 843/461/476
f 843/466/481 829/453/465 822/452/1188 837/463/478
f 821/448/459 766/393/1189 774/391/1190 826/449/460
f 826/449/1191 774/391/386 770/390/384 830/450/1192
f 830/455/1193 770/389/1194 765/388/1195 822/452/464
f 837/463/1196 817/1043/1168 819/1042/1166 842/464/479
f 842/450/479 819/390/1166 818/1039/1197 846/467/1198
f 846/467/483 818/1039/1165 816/1038/1199 838/470/1200
f 853/1054/1201 857/1049/1201 859/1050/1202 855/1055/1202
f 855/1055/1181 859/1050/1181 858/1051/1182 854/389/1182
f 854/1056/1183 858/1052/1183 856/1053/1184 852/1057/1184
f 861/1057/1203 864/1053/1203 866/1052/1204 863/1056/1204
f 863/1042/1205 866/1058/1205 867/1059/1206 862/1060/1206
f 862/1060/1207 867/1059/1208 865/1061/1209 860/1043/1209
f 869/481/495 880/494/511 884/497/1210 874/482/1211
f 874/485/1212 884/508/1213 889/507/523 878/486/500
f 878/486/505 889/507/1214 882/506/522 870/489/503
f 852/1057/1184 868/475/1215 872/478/492 854/1056/1183
f 854/389/1182 872/491/507 877/490/506 855/1055/1181
f 855/1055/1202 877/490/506 870/489/503 853/1054/1179
f 860/1043/1216 882/506/522 890/503/520 862/1060/1207
f 862/1060/1206 890/503/520 886/502/518 863/1042/1205
f 863/1056/1204 886/501/1217 881/500/1218 861/1057/1219
f 880/494/1220 848/1062/1221 850/1063/1222 883/495/1223
f 883/479/1224 850/1046/1225 851/1047/1226 887/476/519
f 887/476/519 851/1047/1227 849/1048/1228 881/500/1229
f 896/511/530 912/530/1230 916/533/543 899/512/1231
f 899/515/532 916/544/1232 921/541/557 903/516/1233
f 903/516/536 921/541/1234 914/540/554 897/519/1235
f 926/558/575 938/575/1236 946/482/1237 933/559/1238
f 933/562/1239 946/573/1240 942/572/589 928/549/1241
f 928/549/565 942/572/1242 937/571/588 924/546/1243
f 925/552/1244 908/1064/1245 910/1065/1246 930/553/1247
f 930/553/1247 910/1065/1246 911/1066/1248 934/556/1249
f 934/561/1250 911/1067/1248 909/1068/1251 926/558/1252
f 938/575/1253 892/1069/1254 894/412/1255 945/484/1256
f 945/556/597 894/1066/1255 895/1065/1257 940/566/584
f 940/566/584 895/1065/1257 893/1064/1258 936/564/1259
f 924/546/1243 865/1061/1216 867/1059/1207 927/547/563
f 927/547/563 867/1059/1206 866/1058/1205 931/550/566
f 931/555/571 866/1052/1204 864/1053/1203 925/552/568
f 812/1044/1168 914/540/1260 922/543/551 814/1041/1166
f 814/407/1166 922/521/551 918/522/1261 815/1040/1197
f 815/1040/1165 918/522/548 913/538/1262 813/1037/1199
f 897/519/534 778/408/1195 786/409/1263 902/520/1264
f 902/521/1265 786/407/408 782/404/404 906/522/1266
f 906/522/539 782/404/1267 777/403/1268 898/525/538
f 1293/1236/1251 1296/1237/1410 1298/1238/1411 1295/1239/1412
f 1295/1240/1413 1298/1241/1248 1299/1242/1246 1294/1243/1414
f 1294/1243/1415 1299/1242/1416 1297/1244/1417 1292/1245/1417
f 1285/1246/1254 1288/1247/1254 1290/1248/1418 1287/1249/1419
f 1287/1241/1255 1290/1240/1420 1291/1243/1421 1286/1242/1257
f 1286/1242/1422 1291/1243/1423 1289/1245/1258 1284/1244/1258
f 1237/1250/1254 1240/1251/1424 1242/1252/1425 1239/1253/1426
f 1239/1253/1427 1242/1252/1428 1243/1249/1429 1238/1248/1430
f 1238/319/1431 1243/316/1432 1241/1254/1433 1236/1255/403
f 1277/1256/1434 1280/1257/1434 1282/1258/1435 1279/1259/1222
f 1279/1260/1435 1282/1261/1436 1283/1262/1437 1278/1263/1226
f 1278/1263/1227 1283/1262/1226 1281/1264/1438 1276/1265/1228
f 1269/1266/1439 1272/1267/1439 1274/1262/1175 1271/1263/1176
f 1271/1263/1175 1274/1262/360 1275/1261/1440 1270/1260/452
f 1270/1249/1172 1275/1248/1441 1273/1247/1169 1268/1246/1169
f 1205/1268/1442 1208/1269/1442 1210/1270/1423 1207/1271/1423
f 1207/1271/1421 1210/1270/1421 1211/1272/1443 1206/1273/1420
f 1206/1273/1418 1211/1272/1444 1209/1274/1445 1204/1275/1445
f 1309/1276/1446 1300/1277/1446 1302/1278/1447 1311/1279/1448
f 1311/1279/1449 1302/1278/1447 1303/315/1450 1310/318/1451
f 1310/1248/1452 1303/1249/1453 1301/1251/1454 1308/1280/1455
f 1305/1281/1456 1312/1282/1456 1314/1283/1175 1307/1284/1175
f 1307/1284/1457 1314/1283/1175 1315/318/1440 1306/315/1440
f 1306/1285/1441 1315/1286/1458 1313/1287/1169 1304/1274/1459
f 728/338/315 1205/1268/1442 1207/1271/1423 731/339/316
f 731/339/319 1207/1271/1423 1206/1273/1443 735/342/1443
f 735/342/325 1206/1273/325 1204/1275/1460 729/344/323
f 1236/1255/403 777/403/403 783/406/1461 1238/319/1431
f 1238/1248/1430 783/401/1432 779/398/1462 1239/1253/1427
f 1239/1253/1426 779/398/1463 776/383/1464 1237/1250/1424
f 1304/1274/1459 753/364/1465 759/374/365 1306/1285/1441
f 1306/315/1440 759/370/361 755/367/360 1307/1284/1457
f 1307/1284/1175 755/367/1175 752/366/356 1305/1281/356
f 742/364/347 1209/1274/1460 1211/1272/1418 749/365/1444
f 749/365/351 1211/1272/1443 1210/1270/1423 744/354/1466
f 744/354/339 1210/1270/1423 1208/1269/1442 740/351/1467
f 718/334/1468 1313/1287/1459 1315/1286/1441 725/335/1441
f 725/336/1469 1315/318/1440 1314/1283/1175 720/323/456
f 720/323/296 1314/1283/1175 1312/1282/1456 716/320/293
f 788/410/1470 1241/1254/1433 1243/316/1432 791/317/416
f 791/412/1471 1243/1249/1429 1242/1252/1428 795/413/423
f 795/413/419 1242/1252/1425 1240/1251/1424 789/415/1472
f 1300/1277/1446 802/436/447 810/433/1473 1302/1278/1447
f 1302/1278/1447 810/433/445 806/432/444 1303/315/1450
f 1303/1249/1453 806/430/1474 801/429/1475 1301/1251/1454
f 766/393/1476 1309/1276/1446 1311/1279/1448 773/394/1477
f 773/394/1478 1311/1279/1449 1310/318/1451 768/395/1479
f 768/386/392 1310/1248/1452 1308/1280/1455 764/383/1169
f 1288/1247/1254 896/511/1424 900/514/325 1290/1248/1418
f 1290/1240/1420 900/527/1480 905/526/319 1291/1243/1421
f 1291/1243/1423 905/526/1423 898/525/538 1289/1245/1258
f 892/1069/1254 1285/1246/1254 1287/1249/1481 894/412/1481
f 894/1066/1255 1287/1241/1255 1286/1242/1257 895/1065/1257
f 895/1065/1422 1286/1242/1422 1284/1244/1258 893/1064/1258
f 1268/1246/1169 833/1045/1169 835/412/1172 1270/1249/1172
f 1270/1260/1172 835/1046/1172 834/1047/1175 1271/1263/1175
f 1271/1263/1176 834/1047/1176 832/1048/1439 1269/1266/1439
f 820/440/1482 1273/1247/1169 1275/1248/1441 823/441/1441
f 823/444/313 1275/1261/1441 1274/1262/1457 827/445/1457
f 827/445/296 1274/1262/296 1272/1267/1439 821/448/1439
f 912/530/1483 1293/1236/1251 1295/1239/1412 915/531/1484
f 915/534/1485 1295/1240/1486 1294/1243/1414 919/535/1414
f 919/535/545 1294/1243/1415 1292/1245/1417 913/538/1487
f 1296/1237/1251 909/1068/1251 911/1067/1488 1298/1238/1489
f 1298/1241/1248 911/1066/1248 910/1065/1246 1299/1242/1246
f 1299/1242/1416 910/1065/1416 908/1064/1417 1297/1244/1417
f 848/1062/1434 1277/1256/1434 1279/1259/1222 850/1063/1222
f 850/1046/1222 1279/1260/1222 1278/1263/1226 851/1047/1226
f 851/1047/1227 1278/1263/1227 1276/1265/1228 849/1048/1228
f 1280/1257/1434 836/457/1490 840/460/474 1282/1258/1435
f 1282/1261/1435 840/472/1491 845/471/486 1283/1262/1437
f 1283/1262/1226 845/471/1492 838/470/1493 1281/1264/1228
f 1258/641/677 1213/585/607 1219/582/604 1265/642/680
f 1265/642/1494 1219/582/1495 1215/581/1496 1260/643/1497
f 1260/633/1498 1215/578/603 1212/577/1499 1256/620/664
f 1246/626/1500 1258/641/1501 1266/638/675 1253/627/660
f 1253/627/1502 1266/638/1503 1262/637/1504 1248/628/1505
f 1248/615/648 1262/636/672 1257/589/671 1244/595/645
f 1213/585/1506 1225/603/1507 1231/600/625 1218/586/611
f 1218/586/1508 1231/600/631 1227/599/622 1222/587/617
f 1222/592/617 1227/596/622 1224/595/621 1214/589/614
f 1225/603/628 1246/626/656 1254/623/1509 1230/604/629
f 1230/604/1510 1254/623/654 1250/622/653 1234/605/1511
f 1234/610/633 1250/621/1512 1245/620/652 1226/607/1513
f 1244/595/645 1325/1288/1514 1327/1289/1515 1247/613/649
f 1247/616/646 1327/1290/1516 1326/1291/1517 1251/617/1518
f 1251/617/1519 1326/1291/1520 1324/1292/1521 1245/620/1522
f 1328/1288/1523 1224/595/621 1228/598/641 1330/1289/1524
f 1330/1293/1525 1228/611/624 1233/608/1526 1331/1294/1527
f 1331/1294/1528 1233/608/640 1226/607/1529 1329/1295/1530
f 1256/620/1531 1317/1292/1532 1319/1290/1533 1259/631/665
f 1259/593/1534 1319/1296/1535 1318/1297/1536 1263/634/674
f 1263/634/668 1318/1297/1537 1316/1298/1538 1257/589/671
f 1320/1299/1539 1212/577/1540 1216/580/1541 1322/1293/1542
f 1322/1296/1543 1216/593/1544 1221/590/615 1323/1300/1545
f 1323/1300/1546 1221/590/618 1214/589/614 1321/1298/1547
f 1312/1282/1724 1205/1268/1724 728/338/1724 716/320/1724
f 730/346/1162 778/408/1725 765/388/1725 717/326/301
f 718/334/1468 764/383/451 1308/1280/1454 1313/1287/1459
f 1204/1275/1460 1237/1250/1424 776/383/395 729/344/1726
f 752/366/1727 740/351/1728 1208/1269/1729 1305/1281/1730
f 754/379/369 800/424/1146 790/419/428 741/357/342
f 742/364/347 789/415/1472 1240/1251/1424 1209/1274/1460
f 1304/1274/1459 1301/1251/1454 801/429/440 753/364/1731
f 778/408/1725 812/1044/1168 817/1043/1168 765/388/1725
f 817/1043/1168 837/463/478 822/452/1188 765/388/1725
f 766/393/1476 821/448/459 1272/1267/1439 1309/1276/1732
f 778/408/1725 897/519/1235 914/540/554 812/1044/1168
f 1236/1255/403 1289/1245/1258 898/525/538 777/403/1733
f 802/436/447 852/1057/1734 856/1053/1734 788/410/415
f 856/1053/1734 936/564/1259 893/1064/1258 788/410/415
f 788/410/415 893/1064/1258 1284/1244/1258 1241/1254/1433
f 1300/1277/1732 1269/1266/1439 832/1048/1439 802/436/447
f 832/1048/1439 868/475/489 852/1057/1734 802/436/447
f 584/318/292 816/1038/292 813/1037/292 583/319/292
f 813/1037/292 913/538/547 1292/1245/1735 583/319/292
f 584/318/292 1281/1264/1438 838/470/485 816/1038/292
f 820/440/451 836/457/1736 1280/1257/1737 1273/1247/1459
f 848/1062/1737 880/494/1738 869/481/1739 833/1045/1459
f 1268/1246/1459 1277/1256/1737 848/1062/1737 833/1045/1459
f 194/314/292 861/1057/1740 881/500/1218 849/1048/1438
f 194/314/292 849/1048/1438 1276/1265/1228 585/315/292
f 853/1054/1201 860/1043/1209 865/1061/1209 857/1049/1201
f 853/1054/1201 870/489/503 882/506/522 860/1043/1209
f 865/1061/1209 924/546/1243 937/571/588 857/1049/1201
f 195/317/292 864/1053/1740 861/1057/1740 194/314/292
f 195/317/292 908/1064/1735 925/552/568 864/1053/1740
f 892/1069/1424 938/575/1253 926/558/1252 909/1068/1741
f 892/1069/1424 909/1068/1741 1296/1237/1741 1285/1246/1424
f 1288/1247/1424 1293/1236/1741 912/530/1483 896/511/395
f 582/316/292 1297/1244/1417 908/1064/1735 195/317/292
f 1204/1275/1460 1209/1274/1460 1240/1251/1424 1237/1250/1424
f 1305/1281/1742 1208/1269/1724 1205/1268/1724 1312/1282/1724
f 1256/620/664 1212/577/1499 1320/1299/1743 1317/1292/1744
f 1213/585/1506 1258/641/1501 1301/1251/1454 1304/1274/1459
f 1214/589/614 1224/595/621 1328/1288/1745 1321/1298/1746
f 1225/603/1747 1213/585/1748 1304/1274/1459 1313/1287/1459
f 1226/607/1513 1245/620/652 1324/1292/1749 1329/1295/1750
f 1246/626/1500 1225/603/1507 1313/1287/1459 1308/1280/1454
f 1236/1255/1433 1241/1254/1433 1284/1244/1258 1289/1245/1258
f 1244/595/645 1257/589/671 1316/1298/1751 1325/1288/1752
f 1258/641/1753 1246/626/1754 1308/1280/1454 1301/1251/1454
f 1268/1246/1459 1273/1247/1459 1280/1257/1737 1277/1256/1737
f 1300/1277/1732 1309/1276/1732 1272/1267/1439 1269/1266/1439
f 584/318/292 585/315/292 1276/1265/1228 1281/1264/1438
f 1288/1247/1424 1285/1246/1424 1296/1237/1741 1293/1236/1741
f 582/316/292 583/319/292 1292/1245/1735 1297/1244/1417
usemtl Door_brass
f 7/1/1 1/2/2 6/3/3 12/4/4
f 12/4/4 6/3/3 5/5/5 11/6/6
f 11/6/6 5/5/5 4/7/7 10/8/8
f 10/9/8 4/10/7 3/11/9 9/12/10
f 9/12/10 3/11/9 2/13/11 8/14/12
f 8/14/12 2/13/11 103/15/13
f 13/16/14 7/1/1 12/4/4 18/17/15
f 18/17/15 12/4/4 11/6/6 17/18/16
f 17/18/16 11/6/6 10/8/8 16/19/17
f 16/20/17 10/9/8 9/12/10 15/21/18
f 15/21/18 9/12/10 8/14/12 14/22/19
f 14/22/19 8/14/12 103/15/13
f 19/23/20 13/16/14 18/17/15 24/24/21
f 24/24/21 18/17/15 17/18/16 23/25/22
f 23/25/22 17/18/16 16/19/17 22/26/23
f 22/27/23 16/20/17 15/21/18 21/28/24
f 21/28/24 15/21/18 14/22/19 20/29/25
f 20/29/25 14/22/19 103/15/13
f 25/30/26 19/23/20 24/24/21 30/31/27
f 30/31/27 24/24/21 23/25/22 29/32/28
f 29/32/28 23/25/22 22/26/23 28/33/29
f 28/34/29 22/27/23 21/28/24 27/35/30
f 27/35/30 21/28/24 20/29/25 26/36/31
f 26/36/31 20/29/25 103/15/13
f 31/37/32 25/38/26 30/39/27 36/40/33
f 36/40/33 30/39/27 29/41/28 35/42/34
f 35/42/34 29/41/28 28/43/29 34/44/35
f 34/45/35 28/34/29 27/35/30 33/46/36
f 33/46/36 27/35/30 26/36/31 32/47/37
f 32/47/37 26/36/31 103/15/13
f 37/48/38 31/37/32 36/40/33 42/49/39
f 42/49/39 36/40/33 35/42/34 41/50/40
f 41/50/40 35/42/34 34/44/35 40/51/41
f 40/52/41 34/45/35 33/46/36 39/53/42
f 39/53/42 33/46/36 32/47/37 38/54/43
f 38/54/43 32/47/37 103/15/13
f 43/55/44 37/48/38 42/49/39 48/56/45
f 48/56/45 42/49/39 41/50/40 47/57/46
f 47/57/46 41/50/40 40/51/41 46/58/47
f 46/59/47 40/52/41 39/53/42 45/60/48
f 45/60/48 39/53/42 38/54/43 44/61/49
f 44/61/49 38/54/43 103/15/13
f 49/62/50 43/55/44 48/56/45 54/63/51
f 54/63/51 48/56/45 47/57/46 53/64/52
f 53/64/52 47/57/46 46/58/47 52/65/53
f 52/66/53 46/59/47 45/60/48 51/67/54
f 51/67/54 45/60/48 44/61/49 50/68/55
f 50/68/55 44/61/49 103/15/13
f 55/69/56 49/62/50 54/63/51 60/70/57
f 60/70/57 54/63/51 53/64/52 59/71/58
f 59/71/58 53/64/52 52/65/53 58/72/59
f 58/73/59 52/66/53 51/67/54 57/74/60
f 57/74/60 51/67/54 50/68/55 56/75/61
f 56/75/61 50/68/55 103/15/13
f 61/76/62 55/69/56 60/70/57 66/77/63
f 66/77/63 60/70/57 59/71/58 65/78/64
f 65/78/64 59/71/58 58/72/59 64/79/65
f 64/80/65 58/73/59 57/74/60 63/81/66
f 63/81/66 57/74/60 56/75/61 62/82/67
f 62/82/67 56/75/61 103/15/13
f 67/83/68 61/76/62 66/77/63 72/84/69
f 72/84/69 66/77/63 65/78/64 71/85/70
f 71/85/70 65/78/64 64/79/65 70/86/71
f 70/87/71 64/80/65 63/81/66 69/88/72
f 69/88/72 63/81/66 62/82/67 68/89/73
f 68/89/73 62/82/67 103/15/13
f 73/90/74 67/83/68 72/84/69 78/91/75
f 78/91/75 72/84/69 71/85/70 77/92/76
f 77/92/76 71/85/70 70/86/71 76/93/77
f 76/94/77 70/87/71 69/88/72 75/95/78
f 75/95/78 69/88/72 68/89/73 74/96/79
f 74/96/79 68/89/73 103/15/13
f 79/23/80 73/30/74 78/31/75 84/24/81
f 84/24/81 78/31/75 77/32/76 83/25/82
f 83/25/82 77/32/76 76/33/77 82/26/83
f 82/97/83 76/94/77 75/95/78 81/98/84
f 81/98/84 75/95/78 74/96/79 80/99/85
f 80/99/85 74/96/79 103/15/13
f 85/16/86 79/23/80 84/24/81 90/17/87
f 90/17/87 84/24/81 83/25/82 89/18/88
f 89/18/88 83/25/82 82/26/83 88/19/89
f 88/100/89 82/97/83 81/98/84 87/101/90
f 87/101/90 81/98/84 80/99/85 86/102/91
f 86/102/91 80/99/85 103/15/13
f 91/1/92 85/16/86 90/17/87 96/4/93
f 96/4/93 90/17/87 89/18/88 95/6/94
f 95/6/94 89/18/88 88/19/89 94/8/95
f 94/103/95 88/100/89 87/101/90 93/104/96
f 93/104/96 87/101/90 86/102/91 92/105/97
f 92/105/97 86/102/91 103/15/13
f 97/2/98 91/1/92 96/4/93 102/3/99
f 102/3/99 96/4/93 95/6/94 101/5/100
f 101/5/100 95/6/94 94/8/95 100/7/101
f 100/106/101 94/103/95 93/104/96 99/107/102
f 99/107/102 93/104/96 92/105/97 98/108/103
f 98/108/103 92/105/97 103/15/13
f 104/109/104 97/2/98 102/3/99 109/110/105
f 109/110/105 102/3/99 101/5/100 108/111/106
f 108/111/106 101/5/100 100/7/101 107/112/107
f 107/113/107 100/106/101 99/107/102 106/114/108
f 106/114/108 99/107/102 98/108/103 105/115/109
f 105/115/109 98/108/103 103/15/13
f 110/116/110 104/109/104 109/110/105 115/117/111
f 115/117/111 109/110/105 108/111/106 114/118/112
f 114/118/112 108/111/106 107/112/107 113/119/113
f 113/120/113 107/113/107 106/114/108 112/121/114
f 112/121/114 106/114/108 105/115/109 111/122/115
f 111/122/115 105/115/109 103/15/13
f 116/123/116 110/116/110 115/117/111 121/124/117
f 121/124/117 115/117/111 114/118/112 120/125/118
f 120/125/118 114/118/112 113/119/113 119/126/119
f 119/127/119 113/120/113 112/121/114 118/128/120
f 118/128/120 112/121/114 111/122/115 117/129/121
f 117/129/121 111/122/115 103/15/13
f 122/130/122 116/123/116 121/124/117 127/131/123
f 127/131/123 121/124/117 120/125/118 126/132/124
f 126/132/124 120/125/118 119/126/119 125/133/125
f 125/134/125 119/127/119 118/128/120 124/135/126
f 124/135/126 118/128/120 117/129/121 123/136/127
f 123/136/127 117/129/121 103/15/13
f 128/83/128 122/90/122 127/91/123 133/84/129
f 133/84/129 127/91/123 126/92/124 132/85/130
f 132/85/130 126/92/124 125/93/125 131/86/131
f 131/137/131 125/134/125 124/135/126 130/138/132
f 130/138/132 124/135/126 123/136/127 129/139/133
f 129/139/133 123/136/127 103/15/13
f 134/76/134 128/83/128 133/84/129 139/77/135
f 139/77/135 133/84/129 132/85/130 138/78/136
f 138/78/136 132/85/130 131/86/131 137/79/137
f 137/140/137 131/137/131 130/138/132 136/141/138
f 136/141/138 130/138/132 129/139/133 135/142/139
f 135/142/139 129/139/133 103/15/13
f 140/69/140 134/76/134 139/77/135 145/70/141
f 145/70/141 139/77/135 138/78/136 144/71/142
f 144/71/142 138/78/136 137/79/137 143/72/143
f 143/143/143 137/140/137 136/141/138 142/144/144
f 142/144/144 136/141/138 135/142/139 141/145/145
f 141/145/145 135/142/139 103/15/13
f 146/62/146 140/69/140 145/70/141 151/63/147
f 151/63/147 145/70/141 144/71/142 150/64/148
f 150/64/148 144/71/142 143/72/143 149/65/149
f 149/146/149 143/143/143 142/144/144 148/147/150
f 148/147/150 142/144/144 141/145/145 147/148/151
f 147/148/151 141/145/145 103/15/13
f 152/55/152 146/62/146 151/63/147 157/56/153
f 157/56/153 151/63/147 150/64/148 156/57/154
f 156/57/154 150/64/148 149/65/149 155/58/155
f 155/149/155 149/146/149 148/147/150 154/150/156
f 154/150/156 148/147/150 147/148/151 153/151/157
f 153/151/157 147/148/151 103/15/13
f 158/48/158 152/55/152 157/56/153 163/49/159
f 163/49/159 157/56/153 156/57/154 162/50/160
f 162/50/160 156/57/154 155/58/155 161/51/161
f 161/152/161 155/149/155 154/150/156 160/153/162
f 160/153/162 154/150/156 153/151/157 159/154/163
f 159/154/163 153/151/157 103/15/13
f 164/37/164 158/48/158 163/49/159 169/40/165
f 169/40/165 163/49/159 162/50/160 168/42/166
f 168/42/166 162/50/160 161/51/161 167/44/167
f 167/155/167 161/152/161 160/153/162 166/156/168
f 166/156/168 160/153/162 159/154/163 165/157/169
f 165/157/169 159/154/163 103/15/13
f 170/38/170 164/37/164 169/40/165 175/39/171
f 175/39/171 169/40/165 168/42/166 174/41/172
f 174/41/172 168/42/166 167/44/167 173/43/173
f 173/158/173 167/155/167 166/156/168 172/159/174
f 172/159/174 166/156/168 165/157/169 171/160/175
f 171/160/175 165/157/169 103/15/13
f 176/123/176 170/130/170 175/131/171 181/124/177
f 181/124/177 175/131/171 174/132/172 180/125/178
f 180/125/178 174/132/172 173/133/173 179/126/179
f 179/161/179 173/158/173 172/159/174 178/162/180
f 178/162/180 172/159/174 171/160/175 177/163/181
f 177/163/181 171/160/175 103/15/13
f 182/116/182 176/123/176 181/124/177 187/117/183
f 187/117/183 181/124/177 180/125/178 186/118/184
f 186/118/184 180/125/178 179/126/179 185/119/185
f 185/164/185 179/161/179 178/162/180 184/165/186
f 184/165/186 178/162/180 177/163/181 183/166/187
f 183/166/187 177/163/181 103/15/13
f 188/109/188 182/116/182 187/117/183 193/110/189
f 193/110/189 187/117/183 186/118/184 192/111/190
f 192/111/190 186/118/184 185/119/185 191/112/191
f 191/167/191 185/164/185 184/165/186 190/168/192
f 190/168/192 184/165/186 183/166/187 189/169/193
f 189/169/193 183/166/187 103/15/13
f 1/2/2 188/109/188 193/110/189 6/3/3
f 6/3/3 193/110/189 192/111/190 5/5/5
f 5/5/5 192/111/190 191/112/191 4/7/7
f 4/10/7 191/167/191 190/168/192 3/11/9
f 3/11/9 190/168/192 189/169/193 2/13/11
f 2/13/11 189/169/193 103/15/13
f 202/170/1 196/171/2 201/172/194 207/173/195
f 207/173/195 201/172/194 200/174/5 206/175/6
f 206/175/6 200/174/5 199/176/7 205/177/196
f 205/9/196 199/10/7 198/11/9 204/12/10
f 204/12/10 198/11/9 197/13/11 203/14/197
f 203/14/197 197/13/11 298/15/13
f 208/178/14 202/170/1 207/173/195 213/179/198
f 213/179/198 207/173/195 206/175/6 212/180/199
f 212/180/199 206/175/6 205/177/196 211/181/17
f 211/20/17 205/9/196 204/12/10 210/21/18
f 210/21/18 204/12/10 203/14/197 209/22/19
f 209/22/19 203/14/197 298/15/13
f 214/182/20 208/178/14 213/179/198 219/183/21
f 219/183/21 213/179/198 212/180/199 218/184/22
f 218/184/22 212/180/199 211/181/17 217/185/23
f 217/27/23 211/20/17 210/21/18 216/28/24
f 216/28/24 210/21/18 209/22/19 215/29/25
f 215/29/25 209/22/19 298/15/13
f 220/186/26 214/182/20 219/183/21 225/187/200
f 225/187/200 219/183/21 218/184/22 224/188/28
f 224/188/28 218/184/22 217/185/23 223/189/29
f 223/34/29 217/27/23 216/28/24 222/35/201
f 222/35/201 216/28/24 215/29/25 221/36/202
f 221/36/202 215/29/25 298/15/13
f 226/190/203 220/191/26 225/192/200 231/193/204
f 231/193/204 225/192/200 224/194/28 230/195/205
f 230/195/205 224/194/28 223/196/29 229/197/206
f 229/45/206 223/34/29 222/35/201 228/46/207
f 228/46/207 222/35/201 221/36/202 227/47/208
f 227/47/208 221/36/202 298/15/13
f 232/198/38 226/190/203 231/193/204 237/199/209
f 237/199/209 231/193/204 230/195/205 236/200/40
f 236/200/40 230/195/205 229/197/206 235/201/41
f 235/52/41 229/45/206 228/46/207 234/53/42
f 234/53/42 228/46/207 227/47/208 233/54/210
f 233/54/210 227/47/208 298/15/13
f 238/202/44 232/198/38 237/199/209 243/203/45
f 243/203/45 237/199/209 236/200/40 242/204/46
f 242/204/46 236/200/40 235/201/41 241/205/211
f 241/59/211 235/52/41 234/53/42 240/60/48
f 240/60/48 234/53/42 233/54/210 239/61/49
f 239/61/49 233/54/210 298/15/13
f 244/206/50 238/202/44 243/203/45 249/207/212
f 249/207/212 243/203/45 242/204/46 248/208/52
f 248/208/52 242/204/46 241/205/211 247/209/53
f 247/66/53 241/59/211 240/60/48 246/67/54
f 246/67/54 240/60/48 239/61/49 245/68/213
f 245/68/213 239/61/49 298/15/13
f 250/210/56 244/206/50 249/207/212 255/211/57
f 255/211/57 249/207/212 248/208/52 254/212/214
f 254/212/214 248/208/52 247/209/53 253/213/215
f 253/73/215 247/66/53 246/67/54 252/74/60
f 252/74/60 246/67/54 245/68/213 251/75/61
f 251/75/61 245/68/213 298/15/13
f 256/214/216 250/210/56 255/211/57 261/215/217
f 261/215/217 255/211/57 254/212/214 260/216/64
f 260/216/64 254/212/214 253/213/215 259/217/218
f 259/80/218 253/73/215 252/74/60 258/81/219
f 258/81/219 252/74/60 251/75/61 257/82/220
f 257/82/220 251/75/61 298/15/13
f 262/218/221 256/214/216 261/215/217 267/219/222
f 267/219/222 261/215/217 260/216/64 266/220/223
f 266/220/223 260/216/64 259/217/218 265/221/224
f 265/87/224 259/80/218 258/81/219 264/88/225
f 264/88/225 258/81/219 257/82/220 263/89/73
f 263/89/73 257/82/220 298/15/13
f 268/222/74 262/218/221 267/219/222 273/223/75
f 273/223/75 267/219/222 266/220/223 272/224/76
f 272/224/76 266/220/223 265/221/224 271/225/77
f 271/94/77 265/87/224 264/88/225 270/95/226
f 270/95/226 264/88/225 263/89/73 269/96/227
f 269/96/227 263/89/73 298/15/13
f 274/182/80 268/186/74 273/187/75 279/183/81
f 279/183/81 273/187/75 272/188/76 278/184/228
f 278/184/228 272/188/76 271/189/77 277/185/83
f 277/97/83 271/94/77 270/95/226 276/98/229
f 276/98/229 270/95/226 269/96/227 275/99/230
f 275/99/230 269/96/227 298/15/13
f 280/178/86 274/182/80 279/183/81 285/179/87
f 285/179/87 279/183/81 278/184/228 284/180/231
f 284/180/231 278/184/228 277/185/83 283/181/89
f 283/100/89 277/97/83 276/98/229 282/101/232
f 282/101/232 276/98/229 275/99/230 281/102/91
f 281/102/91 275/99/230 298/15/13
f 286/170/233 280/178/86 285/179/87 291/173/93
f 291/173/93 285/179/87 284/180/231 290/175/94
f 290/175/94 284/180/231 283/181/89 289/177/95
f 289/103/95 283/100/89 282/101/232 288/104/96
f 288/104/96 282/101/232 281/102/91 287/105/97
f 287/105/97 281/102/91 298/15/13
f 292/171/98 286/170/233 291/173/93 297/172/99
f 297/172/99 291/173/93 290/175/94 296/174/100
f 296/174/100 290/175/94 289/177/95 295/176/101
f 295/106/101 289/103/95 288/104/96 294/107/102
f 294/107/102 288/104/96 287/105/97 293/108/103
f 293/108/103 287/105/97 298/15/13
f 299/226/234 292/171/98 297/172/99 304/227/235
f 304/227/235 297/172/99 296/174/100 303/228/106
f 303/228/106 296/174/100 295/176/101 302/229/236
f 302/113/236 295/106/101 294/107/102 301/114/108
f 301/114/108 294/107/102 293/108/103 300/115/109
f 300/115/109 293/108/103 298/15/13
f 305/230/110 299/226/234 304/227/235 310/231/111
f 310/231/111 304/227/235 303/228/106 309/232/237
f 309/232/237 303/228/106 302/229/236 308/233/113
f 308/120/113 302/113/236 301/114/108 307/121/114
f 307/121/114 301/114/108 300/115/109 306/122/238
f 306/122/238 300/115/109 298/15/13
f 311/234/116 305/230/110 310/231/111 316/235/117
f 316/235/117 310/231/111 309/232/237 315/236/118
f 315/236/118 309/232/237 308/233/113 314/237/119
f 314/127/119 308/120/113 307/121/114 313/128/120
f 313/128/120 307/121/114 306/122/238 312/129/121
f 312/129/121 306/122/238 298/15/13
f 317/238/122 311/234/116 316/235/117 322/239/123
f 322/239/123 316/235/117 315/236/118 321/240/124
f 321/240/124 315/236/118 314/237/119 320/241/125
f 320/134/125 314/127/119 313/128/120 319/135/239
f 319/135/239 313/128/120 312/129/121 318/136/240
f 318/136/240 312/129/121 298/15/13
f 323/218/128 317/222/122 322/223/123 328/219/129
f 328/219/129 322/223/123 321/224/124 327/220/130
f 327/220/130 321/224/124 320/225/125 326/221/241
f 326/137/241 320/134/125 319/135/239 325/138/242
f 325/138/242 319/135/239 318/136/240 324/139/243
f 324/139/243 318/136/240 298/15/13
f 329/214/244 323/218/128 328/219/129 334/215/135
f 334/215/135 328/219/129 327/220/130 333/216/136
f 333/216/136 327/220/130 326/221/241 332/217/137
f 332/140/137 326/137/241 325/138/242 331/141/138
f 331/141/138 325/138/242 324/139/243 330/142/139
f 330/142/139 324/139/243 298/15/13
f 335/210/140 329/214/244 334/215/135 340/211/141
f 340/211/141 334/215/135 333/216/136 339/212/142
f 339/212/142 333/216/136 332/217/137 338/213/245
f 338/143/245 332/140/137 331/141/138 337/144/144
f 337/144/144 331/141/138 330/142/139 336/145/145
f 336/145/145 330/142/139 298/15/13
f 341/206/246 335/210/140 340/211/141 346/207/147
f 346/207/147 340/211/141 339/212/142 345/208/148
f 345/208/148 339/212/142 338/213/245 344/209/149
f 344/146/149 338/143/245 337/144/144 343/147/150
f 343/147/150 337/144/144 336/145/145 342/148/151
f 342/148/151 336/145/145 298/15/13
f 347/202/152 341/206/246 346/207/147 352/203/153
f 352/203/153 346/207/147 345/208/148 351/204/154
f 351/204/154 345/208/148 344/209/149 350/205/247
f 350/149/247 344/146/149 343/147/150 349/150/156
f 349/150/156 343/147/150 342/148/151 348/151/248
f 348/151/248 342/148/151 298/15/13
f 353/198/249 347/202/152 352/203/153 358/199/159
f 358/199/159 352/203/153 351/204/154 357/200/160
f 357/200/160 351/204/154 350/205/247 356/201/250
f 356/152/250 350/149/247 349/150/156 355/153/251
f 355/153/251 349/150/156 348/151/248 354/154/163
f 354/154/163 348/151/248 298/15/13
f 359/190/164 353/198/249 358/199/159 364/193/252
f 364/193/252 358/199/159 357/200/160 363/195/253
f 363/195/253 357/200/160 356/201/250 362/197/254
f 362/155/254 356/152/250 355/153/251 361/156/255
f 361/156/255 355/153/251 354/154/163 360/157/169
f 360/157/169 354/154/163 298/15/13
f 365/191/170 359/190/164 364/193/252 370/192/171
f 370/192/171 364/193/252 363/195/253 369/194/172
f 369/194/172 363/195/253 362/197/254 368/196/173
f 368/158/173 362/155/254 361/156/255 367/159/256
f 367/159/256 361/156/255 360/157/169 366/160/257
f 366/160/257 360/157/169 298/15/13
f 371/234/258 365/238/170 370/239/171 376/235/177
f 376/235/177 370/239/171 369/240/172 375/236/178
f 375/236/178 369/240/172 368/241/173 374/237/179
f 374/161/179 368/158/173 367/159/256 373/162/180
f 373/162/180 367/159/256 366/160/257 372/163/259
f 372/163/259 366/160/257 298/15/13
f 377/230/182 371/234/258 376/235/177 382/231/260
f 382/231/260 376/235/177 375/236/178 381/232/184
f 381/232/184 375/236/178 374/237/179 380/233/185
f 380/164/185 374/161/179 373/162/180 379/165/261
f 379/165/261 373/162/180 372/163/259 378/166/187
f 378/166/187 372/163/259 298/15/13
f 383/226/188 377/230/182 382/231/260 388/227/262
f 388/227/262 382/231/260 381/232/184 387/228/190
f 387/228/190 381/232/184 380/233/185 386/229/263
f 386/167/263 380/164/185 379/165/261 385/168/192
f 385/168/192 379/165/261 378/166/187 384/169/193
f 384/169/193 378/166/187 298/15/13
f 196/171/2 383/226/188 388/227/262 201/172/194
f 201/172/194 388/227/262 387/228/190 200/174/5
f 200/174/5 387/228/190 386/229/263 199/176/7
f 199/10/7 386/167/263 385/168/192 198/11/9
f 198/11/9 385/168/192 384/169/193 197/13/11
f 197/13/11 384/169/193 298/15/13
f 395/242/1 389/243/2 394/244/3 400/245/4
f 400/245/4 394/244/3 393/246/264 399/247/6
f 399/247/6 393/246/264 392/248/7 398/249/196
f 398/9/196 392/10/7 391/11/9 397/12/10
f 397/12/10 391/11/9 390/13/11 396/14/12
f 396/14/12 390/13/11 491/15/13
f 401/250/14 395/242/1 400/245/4 406/251/15
f 406/251/15 400/245/4 399/247/6 405/252/16
f 405/252/16 399/247/6 398/249/196 404/253/17
f 404/20/17 398/9/196 397/12/10 403/21/18
f 403/21/18 397/12/10 396/14/12 402/22/19
f 402/22/19 396/14/12 491/15/13
f 407/254/20 401/250/14 406/251/15 412/255/21
f 412/255/21 406/251/15 405/252/16 411/256/22
f 411/256/22 405/252/16 404/253/17 410/257/23
f 410/27/23 404/20/17 403/21/18 409/28/24
f 409/28/24 403/21/18 402/22/19 408/29/25
f 408/29/25 402/22/19 491/15/13
f 413/258/26 407/254/20 412/255/21 418/259/27
f 418/259/27 412/255/21 411/256/22 417/260/265
f 417/260/265 411/256/22 410/257/23 416/261/29
f 416/34/29 410/27/23 409/28/24 415/35/30
f 415/35/30 409/28/24 408/29/25 414/36/31
f 414/36/31 408/29/25 491/15/13
f 419/262/32 413/263/26 418/264/27 424/265/33
f 424/265/33 418/264/27 417/266/265 423/267/34
f 423/267/34 417/266/265 416/268/29 422/269/206
f 422/45/206 416/34/29 415/35/30 421/46/36
f 421/46/36 415/35/30 414/36/31 420/47/266
f 420/47/266 414/36/31 491/15/13
f 425/270/38 419/262/32 424/265/33 430/271/39
f 430/271/39 424/265/33 423/267/34 429/272/40
f 429/272/40 423/267/34 422/269/206 428/273/267
f 428/52/267 422/45/206 421/46/36 427/53/268
f 427/53/268 421/46/36 420/47/266 426/54/269
f 426/54/269 420/47/266 491/15/13
f 431/274/44 425/270/38 430/271/39 436/275/45
f 436/275/45 430/271/39 429/272/40 435/276/46
f 435/276/46 429/272/40 428/273/267 434/277/211
f 434/59/211 428/52/267 427/53/268 433/60/48
f 433/60/48 427/53/268 426/54/269 432/61/49
f 432/61/49 426/54/269 491/15/13
f 437/278/50 431/274/44 436/275/45 442/279/51
f 442/279/51 436/275/45 435/276/46 441/280/52
f 441/280/52 435/276/46 434/277/211 440/281/53
f 440/66/53 434/59/211 433/60/48 439/67/54
f 439/67/54 433/60/48 432/61/49 438/68/55
f 438/68/55 432/61/49 491/15/13
f 443/282/56 437/278/50 442/279/51 448/283/270
f 448/283/270 442/279/51 441/280/52 447/284/214
f 447/284/214 441/280/52 440/281/53 446/285/215
f 446/73/215 440/66/53 439/67/54 445/74/60
f 445/74/60 439/67/54 438/68/55 444/75/61
f 444/75/61 438/68/55 491/15/13
f 449/286/62 443/282/56 448/283/270 454/287/271
f 454/287/271 448/283/270 447/284/214 453/288/64
f 453/288/64 447/284/214 446/285/215 452/289/218
f 452/80/218 446/73/215 445/74/60 451/81/219
f 451/81/219 445/74/60 444/75/61 450/82/67
f 450/82/67 444/75/61 491/15/13
f 455/290/68 449/286/62 454/287/271 460/291/272
f 460/291/272 454/287/271 453/288/64 459/292/70
f 459/292/70 453/288/64 452/289/218 458/293/224
f 458/87/224 452/80/218 451/81/219 457/88/72
f 457/88/72 451/81/219 450/82/67 456/89/273
f 456/89/273 450/82/67 491/15/13
f 461/294/74 455/290/68 460/291/272 466/295/75
f 466/295/75 460/291/272 459/292/70 465/296/76
f 465/296/76 459/292/70 458/293/224 464/297/77
f 464/94/77 458/87/224 457/88/72 463/95/78
f 463/95/78 457/88/72 456/89/273 462/96/79
f 462/96/79 456/89/273 491/15/13
f 467/254/80 461/258/74 466/259/75 472/255/274
f 472/255/274 466/259/75 465/260/76 471/256/228
f 471/256/228 465/260/76 464/261/77 470/257/83
f 470/97/83 464/94/77 463/95/78 469/98/84
f 469/98/84 463/95/78 462/96/79 468/99/85
f 468/99/85 462/96/79 491/15/13
f 473/250/86 467/254/80 472/255/274 478/251/87
f 478/251/87 472/255/274 471/256/228 477/252/231
f 477/252/231 471/256/228 470/257/83 476/253/89
f 476/100/89 470/97/83 469/98/84 475/101/275
f 475/101/275 469/98/84 468/99/85 474/102/276
f 474/102/276 468/99/85 491/15/13
f 479/242/92 473/250/86 478/251/87 484/245/93
f 484/245/93 478/251/87 477/252/231 483/247/94
f 483/247/94 477/252/231 476/253/89 482/249/277
f 482/103/277 476/100/89 475/101/275 481/104/96
f 481/104/96 475/101/275 474/102/276 480/105/97
f 480/105/97 474/102/276 491/15/13
f 485/243/98 479/242/92 484/245/93 490/244/99
f 490/244/99 484/245/93 483/247/94 489/246/278
f 489/246/278 483/247/94 482/249/277 488/248/101
f 488/106/101 482/103/277 481/104/96 487/107/102
f 487/107/102 481/104/96 480/105/97 486/108/103
f 486/108/103 480/105/97 491/15/13
f 492/298/104 485/243/98 490/244/99 497/299/105
f 497/299/105 490/244/99 489/246/278 496/300/106
f 496/300/106 489/246/278 488/248/101 495/301/236
f 495/113/236 488/106/101 487/107/102 494/114/108
f 494/114/108 487/107/102 486/108/103 493/115/109
f 493/115/109 486/108/103 491/15/13
f 498/302/110 492/298/104 497/299/105 503/303/111
f 503/303/111 497/299/105 496/300/106 502/304/112
f 502/304/112 496/300/106 495/301/236 501/305/113
f 501/120/113 495/113/236 494/114/108 500/121/114
f 500/121/114 494/114/108 493/115/109 499/122/238
f 499/122/238 493/115/109 491/15/13
f 504/306/116 498/302/110 503/303/111 509/307/279
f 509/307/279 503/303/111 502/304/112 508/308/118
f 508/308/118 502/304/112 501/305/113 507/309/119
f 507/127/119 501/120/113 500/121/114 506/128/120
f 506/128/120 500/121/114 499/122/238 505/129/280
f 505/129/280 499/122/238 491/15/13
f 510/310/122 504/306/116 509/307/279 515/311/281
f 515/311/281 509/307/279 508/308/118 514/312/282
f 514/312/282 508/308/118 507/309/119 513/313/125
f 513/134/125 507/127/119 506/128/120 512/135/126
f 512/135/126 506/128/120 505/129/280 511/136/127
f 511/136/127 505/129/280 491/15/13
f 516/290/128 510/294/122 515/295/281 521/291/129
f 521/291/129 515/295/281 514/296/282 520/292/130
f 520/292/130 514/296/282 513/297/125 519/293/241
f 519/137/241 513/134/125 512/135/126 518/138/283
f 518/138/283 512/135/126 511/136/127 517/139/284
f 517/139/284 511/136/127 491/15/13
f 522/286/134 516/290/128 521/291/129 527/287/135
f 527/287/135 521/291/129 520/292/130 526/288/136
f 526/288/136 520/292/130 519/293/241 525/289/285
f 525/140/285 519/137/241 518/138/283 524/141/138
f 524/141/138 518/138/283 517/139/284 523/142/139
f 523/142/139 517/139/284 491/15/13
f 528/282/140 522/286/134 527/287/135 533/283/141
f 533/283/141 527/287/135 526/288/136 532/284/142
f 532/284/142 526/288/136 525/289/285 531/285/245
f 531/143/245 525/140/285 524/141/138 530/144/144
f 530/144/144 524/141/138 523/142/139 529/145/145
f 529/145/145 523/142/139 491/15/13
f 534/278/146 528/282/140 533/283/141 539/279/147
f 539/279/147 533/283/141 532/284/142 538/280/148
f 538/280/148 532/284/142 531/285/245 537/281/149
f 537/146/149 531/143/245 530/144/144 536/147/150
f 536/147/150 530/144/144 529/145/145 535/148/151
f 535/148/151 529/145/145 491/15/13
f 540/274/152 534/278/146 539/279/147 545/275/153
f 545/275/153 539/279/147 538/280/148 544/276/154
f 544/276/154 538/280/148 537/281/149 543/277/247
f 543/149/247 537/146/149 536/147/150 542/150/156
f 542/150/156 536/147/150 535/148/151 541/151/157
f 541/151/157 535/148/151 491/15/13
f 546/270/158 540/274/152 545/275/153 551/271/286
f 551/271/286 545/275/153 544/276/154 550/272/160
f 550/272/160 544/276/154 543/277/247 549/273/250
f 549/152/250 543/149/247 542/150/156 548/153/287
f 548/153/287 542/150/156 541/151/157 547/154/288
f 547/154/288 541/151/157 491/15/13
f 552/262/164 546/270/158 551/271/286 557/265/289
f 557/265/289 551/271/286 550/272/160 556/267/166
f 556/267/166 550/272/160 549/273/250 555/269/254
f 555/155/254 549/152/250 548/153/287 554/156/290
f 554/156/290 548/153/287 547/154/288 553/157/169
f 553/157/169 547/154/288 491/15/13
f 558/263/170 552/262/164 557/265/289 563/264/171
f 563/264/171 557/265/289 556/267/166 562/266/291
f 562/266/291 556/267/166 555/269/254 561/268/173
f 561/158/173 555/155/254 554/156/290 560/159/256
f 560/159/256 554/156/290 553/157/169 559/160/175
f 559/160/175 553/157/169 491/15/13
f 564/306/176 558/310/170 563/311/171 569/307/177
f 569/307/177 563/311/171 562/312/291 568/308/178
f 568/308/178 562/312/291 561/313/173 567/309/179
f 567/161/179 561/158/173 560/159/256 566/162/180
f 566/162/180 560/159/256 559/160/175 565/163/181
f 565/163/181 559/160/175 491/15/13
f 570/302/182 564/306/176 569/307/177 575/303/183
f 575/303/183 569/307/177 568/308/178 574/304/184
f 574/304/184 568/308/178 567/309/179 573/305/185
f 573/164/185 567/161/179 566/162/180 572/165/261
f 572/165/261 566/162/180 565/163/181 571/166/187
f 571/166/187 565/163/181 491/15/13
f 576/298/188 570/302/182 575/303/183 581/299/262
f 581/299/262 575/303/183 574/304/184 580/300/190
f 580/300/190 574/304/184 573/305/185 579/301/263
f 579/167/263 573/164/185 572/165/261 578/168/192
f 578/168/192 572/165/261 571/166/187 577/169/193
f 577/169/193 571/166/187 491/15/13
f 389/243/2 576/298/188 581/299/262 394/244/3
f 394/244/3 581/299/262 580/300/190 393/246/264
f 393/246/264 580/300/190 579/301/263 392/248/7
f 392/10/7 579/167/263 578/168/192 391/11/9
f 391/11/9 578/168/192 577/169/193 390/13/11
f 390/13/11 577/169/193 491/15/13
f 1332/646/684 1335/647/685 1337/648/686 1336/649/687
f 1335/650/685 1339/651/688 1340/652/689 1337/653/686
f 1333/654/690 1338/655/691 1340/652/689 1339/651/688
f 1338/656/692 1342/657/693 1343/658/694 1340/659/695
f 1334/660/696 1341/661/697 1343/658/698 1342/657/699
f 1341/661/700 1336/662/701 1337/656/686 1343/658/702
f 1337/653/703 1340/652/689 1343/663/704
f 1344/664/705 1347/665/706 1349/666/707 1348/667/708
f 1347/668/706 1351/669/709 1352/670/710 1349/671/711
f 1345/672/712 1350/673/713 1352/670/714 1351/669/709
f 1350/673/715 1354/674/716 1355/675/717 1352/670/718
f 1346/676/719 1353/677/720 1355/678/721 1354/679/722
f 1353/677/723 1348/680/708 1349/680/711 1355/678/724
f 1349/671/707 1352/670/710 1355/675/717
f 1356/681/725 1359/667/726 1361/682/727 1360/683/728
f 1359/684/726 1363/685/729 1364/686/730 1361/687/731
f 1357/688/732 1362/689/733 1364/686/730 1363/685/734
f 1362/690/735 1366/691/736 1367/692/737 1364/693/738
f 1358/694/739 1365/695/740 1367/692/741 1366/691/736
f 1365/695/740 1360/696/728 1361/697/731 1367/692/741
f 1361/687/727 1364/686/738 1367/698/741
f 1368/699/742 1371/700/743 1373/701/744 1372/702/745
f 1371/703/746 1375/704/747 1376/705/748 1373/706/749
f 1369/707/750 1374/708/751 1376/705/752 1375/704/753
f 1374/708/754 1378/709/755 1379/710/756 1376/705/752
f 1370/711/757 1377/712/758 1379/713/756 1378/655/755
f 1377/712/758 1372/714/745 1373/715/744 1379/713/756
f 1373/706/744 1376/705/748 1379/710/759
f 1396/716/760 1399/717/761 1401/718/762 1400/719/763
f 1399/720/764 1403/721/765 1404/722/766 1401/723/762
f 1397/724/767 1402/725/768 1404/722/769 1403/721/770
f 1402/725/771 1406/726/772 1407/727/773 1404/722/774
f 1398/728/775 1405/729/776 1407/730/773 1406/731/772
f 1405/732/777 1400/719/778 1401/718/779 1407/733/773
f 1401/718/780 1404/734/774 1407/733/773
f 1408/735/781 1411/736/782 1413/737/783 1412/738/784
f 1411/739/785 1415/740/786 1416/722/787 1413/741/788
f 1409/742/789 1414/743/790 1416/722/791 1415/740/786
f 1414/743/792 1418/744/793 1419/745/794 1416/722/795
f 1410/746/796 1417/747/797 1419/748/798 1418/749/799
f 1417/747/797 1412/750/800 1413/751/783 1419/748/801
f 1413/741/802 1416/722/803 1419/745/794
f 1420/752/804 1423/753/805 1425/754/806 1424/755/807
f 1423/756/808 1427/757/809 1428/758/810 1425/759/811
f 1421/760/812 1426/761/813 1428/758/814 1427/757/809
f 1426/761/815 1430/762/816 1431/763/817 1428/758/818
f 1422/764/819 1429/765/820 1431/766/821 1430/767/816
f 1429/768/822 1424/755/807 1425/754/806 1431/769/823
f 1425/754/811 1428/770/824 1431/769/825
f 1432/771/826 1435/772/827 1437/773/828 1436/774/829
f 1435/775/830 1439/776/831 1440/777/832 1437/778/833
f 1433/746/834 1438/779/835 1440/777/832 1439/776/831
f 1438/779/836 1442/749/837 1443/780/838 1440/777/832
f 1434/781/839 1441/782/840 1443/783/841 1442/784/842
f 1441/782/840 1436/785/829 1437/786/828 1443/783/841
f 1437/778/828 1440/777/832 1443/780/838
f 1460/787/843 1463/788/844 1465/789/845 1464/790/846
f 1463/791/847 1467/792/848 1468/793/849 1465/794/850
f 1461/795/851 1466/796/852 1468/793/853 1467/792/848
f 1466/796/852 1470/797/854 1471/798/855 1468/793/856
f 1462/799/857 1469/800/858 1471/801/855 1470/802/854
f 1469/803/859 1464/790/860 1465/789/845 1471/804/861
f 1465/794/845 1468/793/862 1471/798/863
f 1472/805/864 1475/806/865 1477/807/866 1476/808/867
f 1475/809/868 1479/810/869 1480/811/870 1477/812/866
f 1473/813/871 1478/814/872 1480/811/873 1479/810/874
f 1478/815/875 1482/816/876 1483/817/877 1480/818/873
f 1474/787/878 1481/819/879 1483/817/880 1482/816/881
f 1481/819/882 1476/820/867 1477/804/883 1483/817/884
f 1477/812/883 1480/811/873 1483/821/877
f 1484/822/885 1487/823/886 1489/824/887 1488/825/888
f 1487/823/886 1491/826/889 1492/827/890 1489/824/891
f 1485/828/892 1490/829/893 1492/830/894 1491/831/895
f 1490/832/896 1494/833/897 1495/834/898 1492/835/899
f 1486/836/900 1493/837/901 1495/834/898 1494/833/897
f 1493/837/901 1488/838/902 1489/839/903 1495/834/898
f 1489/824/904 1492/827/890 1495/840/905
f 1496/841/906 1499/842/907 1501/843/908 1500/844/909
f 1499/845/910 1503/846/911 1504/847/912 1501/848/913
f 1497/654/914 1502/849/915 1504/847/916 1503/846/917
f 1502/849/915 1506/850/918 1507/851/919 1504/847/912
f 1498/836/920 1505/852/921 1507/853/922 1506/854/923
f 1505/852/924 1500/832/925 1501/835/908 1507/853/922
f 1501/848/908 1504/847/926 1507/851/927
f 1524/855/928 1527/856/929 1529/857/930 1528/858/931
f 1527/856/932 1531/859/933 1532/860/934 1529/857/930
f 1525/841/935 1530/861/936 1532/860/937 1531/859/938
f 1530/862/939 1534/863/940 1535/864/941 1532/865/942
f 1526/866/943 1533/867/944 1535/864/941 1534/863/945
f 1533/867/946 1528/868/947 1529/869/930 1535/864/948
f 1529/869/949 1532/865/950 1535/864/941
f 1536/828/951 1539/870/952 1541/871/953 1540/872/954
f 1539/870/955 1543/873/956 1544/874/957 1541/871/953
f 1537/875/958 1542/876/959 1544/874/960 1543/873/961
f 1542/877/962 1546/878/963 1547/879/964 1544/880/965
f 1538/866/966 1545/881/967 1547/879/968 1546/878/969
f 1545/881/970 1540/882/971 1541/883/972 1547/879/968
f 1541/883/973 1544/880/974 1547/879/968
f 589/884/975 592/885/976 594/886/977 591/887/978
f 591/888/979 594/889/980 595/890/981 590/891/982
f 590/891/982 595/890/981 593/892/983 588/893/984
f 592/885/976 596/894/985 598/895/986 594/886/977
f 594/889/980 598/896/987 599/897/988 595/890/981
f 595/890/981 599/897/988 597/898/989 593/892/983
f 596/894/985 600/899/990 602/900/991 598/895/986
f 598/896/987 602/901/992 603/902/993 599/897/988
f 599/897/988 603/902/993 601/903/994 597/898/989
f 600/899/990 604/904/995 606/905/996 602/900/991
f 602/901/992 606/906/997 607/907/998 603/902/993
f 603/902/993 607/907/998 605/908/999 601/903/994
f 604/909/995 608/910/1000 610/911/1001 606/912/996
f 606/912/997 610/911/1002 611/913/1003 607/914/998
f 607/907/998 611/915/1003 609/916/1004 605/908/999
f 608/910/1000 612/917/1005 614/918/1006 610/911/1001
f 610/911/1002 614/918/1007 615/919/1008 611/913/1003
f 611/915/1003 615/920/1008 613/921/1009 609/916/1004
f 612/917/1005 616/922/1010 618/923/1011 614/918/1006
f 614/918/1007 618/923/1012 619/924/1013 615/919/1008
f 615/920/1008 619/925/1013 617/926/1014 613/921/1009
f 616/922/1010 620/927/1015 622/928/1016 618/923/1011
f 618/923/1012 622/928/1017 623/929/1018 619/924/1013
f 619/925/1013 623/930/1018 621/931/1019 617/926/1014
f 620/927/1015 624/932/1020 626/933/1021 622/928/1016
f 622/928/1017 626/933/1021 627/934/1022 623/929/1018
f 623/930/1018 627/935/1022 625/936/1023 621/931/1019
f 624/932/1020 628/937/1024 630/938/1025 626/933/1021
f 626/933/1021 630/938/1025 631/939/1026 627/934/1022
f 627/935/1022 631/940/1026 629/941/1027 625/936/1023
f 628/937/1024 632/942/1028 634/943/1029 630/938/1025
f 630/938/1025 634/943/1029 635/944/1030 631/939/1026
f 631/940/1026 635/945/1030 633/946/1031 629/941/1027
f 632/942/1028 636/947/1032 638/948/1033 634/943/1029
f 634/943/1029 638/948/1033 639/949/1034 635/944/1030
f 635/945/1030 639/950/1034 637/951/1035 633/946/1031
f 636/952/1032 640/953/1036 642/954/1037 638/955/1033
f 638/955/1033 642/954/1037 643/956/1038 639/957/1034
f 639/950/1034 643/958/1038 641/959/1039 637/951/1035
f 640/953/1036 644/894/1040 646/960/1041 642/954/1037
f 642/954/1037 646/960/1042 647/961/1043 643/956/1038
f 643/958/1038 647/962/1043 645/963/1044 641/959/1039
f 644/894/1040 648/964/1045 650/965/1046 646/960/1041
f 646/960/1042 650/965/1047 651/966/1048 647/961/1043
f 647/962/1043 651/967/1048 649/968/1049 645/963/1044
f 648/964/1045 652/884/1050 654/969/1051 650/965/1046
f 650/965/1047 654/969/1052 655/970/1053 651/966/1048
f 651/967/1048 655/971/1053 653/972/1054 649/968/1049
f 652/884/1050 656/973/1055 658/974/1056 654/969/1051
f 654/969/1052 658/974/1057 659/975/1058 655/970/1053
f 655/971/1053 659/976/1058 657/977/1059 653/972/1054
f 656/973/1055 660/978/1060 662/979/1061 658/974/1056
f 658/974/1057 662/979/1062 663/980/1063 659/975/1058
f 659/976/1058 663/981/1063 661/982/1064 657/977/1059
f 660/978/1060 664/983/1065 666/984/1066 662/979/1061
f 662/979/1062 666/984/1067 667/985/1068 663/980/1063
f 663/981/1063 667/986/1068 665/987/1069 661/982/1064
f 664/983/1065 668/988/1070 670/989/1071 666/984/1066
f 666/984/1067 670/989/1071 671/990/1072 667/985/1068
f 667/986/1068 671/991/1072 669/992/1073 665/987/1069
f 668/993/1070 672/994/1074 674/943/1075 670/948/1071
f 670/948/1071 674/943/1075 675/944/1076 671/949/1072
f 671/991/1072 675/995/1076 673/996/1077 669/992/1073
f 672/994/1074 676/937/1078 678/938/1079 674/943/1075
f 674/943/1075 678/938/1079 679/939/1080 675/944/1076
f 675/995/1076 679/997/1080 677/998/1081 673/996/1077
f 676/937/1078 680/999/1082 682/1000/1083 678/938/1079
f 678/938/1079 682/1000/1083 683/934/1084 679/939/1080
f 679/997/1080 683/1001/1084 681/1002/1085 677/998/1081
f 680/999/1082 684/927/1086 686/928/1087 682/1000/1083
f 682/1000/1083 686/928/1087 687/929/1088 683/934/1084
f 683/1001/1084 687/1003/1088 685/1004/1089 681/1002/1085
f 684/927/1086 688/1005/1090 690/1006/1091 686/928/1087
f 686/928/1087 690/1006/1092 691/924/1093 687/929/1088
f 687/1003/1088 691/1007/1093 689/1008/1094 685/1004/1089
f 688/1005/1090 692/917/1095 694/1009/1096 690/1006/1091
f 690/1006/1092 694/1009/1096 695/1010/1097 691/924/1093
f 691/1007/1093 695/1011/1097 693/1012/1098 689/1008/1094
f 692/917/1095 696/1013/1099 698/911/1100 694/1009/1096
f 694/1009/1096 698/911/1100 699/913/1101 695/1010/1097
f 695/1011/1097 699/1014/1101 697/1015/1102 693/1012/1098
f 696/1013/1099 700/1016/1103 702/1017/1104 698/911/1100
f 698/911/1100 702/1017/1104 703/914/1105 699/913/1101
f 699/1014/1101 703/1018/1105 701/1019/1106 697/1015/1102
f 700/1020/1103 704/1021/1107 706/1022/1108 702/1023/1104
f 702/1024/1104 706/1025/1108 707/1026/1109 703/1018/1105
f 703/1018/1105 707/1026/1109 705/1027/1110 701/1019/1106
f 704/1021/1107 708/978/1111 710/1028/1112 706/1022/1108
f 706/1025/1108 710/1029/1112 711/1030/1113 707/1026/1109
f 707/1026/1109 711/1030/1113 709/1031/1114 705/1027/1110
f 708/978/1111 712/1032/1115 714/1033/1116 710/1028/1112
f 710/1029/1112 714/1034/1117 715/1035/1118 711/1030/1113
f 711/1030/1113 715/1035/1118 713/1036/1119 709/1031/1114
f 712/1032/1115 589/884/975 591/887/978 714/1033/1116
f 714/1034/1117 591/888/979 590/891/982 715/1035/1118
f 715/1035/1118 590/891/982 588/893/984 713/1036/1119
f 949/1070/975 952/1071/976 954/1072/1269 951/1073/1270
f 951/1073/1271 954/1072/1272 955/1074/1273 950/1075/1274
f 950/1076/1274 955/1077/1273 953/892/983 948/893/984
f 952/1071/976 956/1078/985 958/1079/987 954/1072/1269
f 954/1072/1272 958/1079/1275 959/1080/1276 955/1074/1273
f 955/1077/1273 959/1081/1276 957/898/989 953/892/983
f 956/1078/985 960/1082/990 962/1083/1277 958/1079/987
f 958/1079/1275 962/1083/1278 963/1084/1279 959/1080/1276
f 959/1081/1276 963/1085/1279 961/903/994 957/898/989
f 960/1082/990 964/1086/1280 966/1087/997 962/1083/1277
f 962/1083/1278 966/1087/1281 967/1088/1282 963/1084/1279
f 963/1085/1279 967/1089/1282 965/908/999 961/903/994
f 964/1090/1280 968/1091/1283 970/1092/1002 966/1093/997
f 966/1093/1281 970/1092/1284 971/1094/1285 967/1095/1282
f 967/1089/1282 971/915/1285 969/916/1004 965/908/999
f 968/1091/1283 972/1096/1005 974/1097/1007 970/1092/1002
f 970/1092/1284 974/1097/1286 975/1098/1287 971/1094/1285
f 971/915/1285 975/920/1287 973/921/1009 969/916/1004
f 972/1096/1005 976/1099/1288 978/1100/1012 974/1097/1007
f 974/1097/1286 978/1100/1289 979/1101/1290 975/1098/1287
f 975/920/1287 979/925/1290 977/926/1291 973/921/1009
f 976/1099/1288 980/1102/1015 982/1103/1017 978/1100/1012
f 978/1100/1289 982/1103/1292 983/1104/1293 979/1101/1290
f 979/925/1290 983/930/1293 981/931/1019 977/926/1291
f 980/1102/1015 984/1105/1294 986/1106/1295 982/1103/1017
f 982/1103/1292 986/1106/1296 987/1107/1297 983/1104/1293
f 983/930/1293 987/935/1297 985/936/1023 981/931/1019
f 984/1105/1294 988/1108/1024 990/1109/1298 986/1106/1295
f 986/1106/1296 990/1109/1299 991/1110/1300 987/1107/1297
f 987/935/1297 991/940/1300 989/941/1027 985/936/1023
f 988/1108/1024 992/1111/1301 994/1112/1302 990/1109/1298
f 990/1109/1299 994/1112/1303 995/1113/1304 991/1110/1300
f 991/940/1300 995/945/1304 993/946/1305 989/941/1027
f 992/1111/1301 996/1114/1306 998/1115/1307 994/1112/1302
f 994/1112/1303 998/1115/1308 999/1116/1309 995/1113/1304
f 995/945/1304 999/950/1309 997/951/1035 993/946/1305
f 996/1086/1306 1000/1082/1036 1002/1117/1310 998/1118/1307
f 998/1118/1308 1002/1117/1311 1003/1084/1312 999/1088/1309
f 999/950/1309 1003/958/1312 1001/959/1039 997/951/1035
f 1000/1082/1036 1004/1078/1040 1006/1119/1041 1002/1117/1310
f 1002/1117/1311 1006/1119/1313 1007/1120/1314 1003/1084/1312
f 1003/958/1312 1007/962/1314 1005/963/1044 1001/959/1039
f 1004/1078/1040 1008/1071/1045 1010/1072/1315 1006/1119/1041
f 1006/1119/1313 1010/1072/1315 1011/1074/1316 1007/1120/1314
f 1007/962/1314 1011/967/1316 1009/968/1049 1005/963/1044
f 1008/1071/1045 1012/1070/1050 1014/1121/1317 1010/1072/1315
f 1010/1072/1315 1014/1121/1318 1015/1075/1319 1011/1074/1316
f 1011/967/1316 1015/971/1319 1013/972/1054 1009/968/1049
f 1012/1070/1050 1016/1122/1320 1018/1123/1321 1014/1121/1317
f 1014/1121/1318 1018/1123/1321 1019/1124/1322 1015/1075/1319
f 1015/971/1319 1019/976/1322 1017/977/1059 1013/972/1054
f 1016/1122/1320 1020/1125/1323 1022/1126/1062 1018/1123/1321
f 1018/1123/1321 1022/1126/1324 1023/1127/1325 1019/1124/1322
f 1019/976/1322 1023/981/1325 1021/982/1064 1017/977/1059
f 1020/1125/1323 1024/1128/1065 1026/1129/1326 1022/1126/1062
f 1022/1126/1324 1026/1129/1327 1027/1130/1328 1023/1127/1325
f 1023/981/1325 1027/986/1328 1025/987/1069 1021/982/1064
f 1024/1128/1065 1028/1131/1329 1030/1132/1330 1026/1129/1326
f 1026/1129/1327 1030/1132/1331 1031/1133/1332 1027/1130/1328
f 1027/986/1328 1031/991/1332 1029/992/1073 1025/987/1069
f 1028/1114/1329 1032/1111/1333 1034/1112/1334 1030/1134/1330
f 1030/1134/1331 1034/1112/1335 1035/1113/1336 1031/1116/1332
f 1031/991/1332 1035/995/1336 1033/996/1077 1029/992/1073
f 1032/1111/1333 1036/1108/1078 1038/1135/1337 1034/1112/1334
f 1034/1112/1335 1038/1135/1338 1039/1110/1339 1035/1113/1336
f 1035/995/1336 1039/997/1339 1037/998/1081 1033/996/1077
f 1036/1108/1078 1040/1105/1340 1042/1106/1341 1038/1135/1337
f 1038/1135/1338 1042/1106/1342 1043/1107/1343 1039/1110/1339
f 1039/997/1339 1043/1001/1343 1041/1002/1085 1037/998/1081
f 1040/1105/1340 1044/1102/1086 1046/1103/1087 1042/1106/1341
f 1042/1106/1342 1046/1103/1344 1047/1136/1345 1043/1107/1343
f 1043/1001/1343 1047/1003/1345 1045/1004/1089 1041/1002/1085
f 1044/1102/1086 1048/1099/1346 1050/1137/1347 1046/1103/1087
f 1046/1103/1344 1050/1137/1348 1051/1101/1349 1047/1136/1345
f 1047/1003/1345 1051/1007/1349 1049/1008/1094 1045/1004/1089
f 1048/1099/1346 1052/1096/1095 1054/1138/1350 1050/1137/1347
f 1050/1137/1348 1054/1138/1351 1055/1098/1352 1051/1101/1349
f 1051/1007/1349 1055/1011/1352 1053/1012/1098 1049/1008/1094
f 1052/1096/1095 1056/1091/1353 1058/1139/1354 1054/1138/1350
f 1054/1138/1351 1058/1139/1355 1059/1094/1356 1055/1098/1352
f 1055/1011/1352 1059/1014/1356 1057/1015/1102 1053/1012/1098
f 1056/1091/1353 1060/1090/1357 1062/1140/1104 1058/1139/1354
f 1058/1139/1355 1062/1140/1358 1063/1095/1359 1059/1094/1356
f 1059/1014/1356 1063/1141/1359 1061/1019/1106 1057/1015/1102
f 1060/1142/1357 1064/1128/1107 1066/1129/1360 1062/1143/1104
f 1062/1143/1358 1066/1129/1360 1067/1130/1361 1063/1144/1359
f 1063/1141/1359 1067/1145/1361 1065/1027/1362 1061/1019/1106
f 1064/1128/1107 1068/1125/1111 1070/1146/1363 1066/1129/1360
f 1066/1129/1360 1070/1146/1364 1071/1127/1365 1067/1130/1361
f 1067/1145/1361 1071/1147/1365 1069/1031/1114 1065/1027/1362
f 1068/1125/1111 1072/1122/1115 1074/1148/1117 1070/1146/1363
f 1070/1146/1364 1074/1148/1366 1075/1149/1367 1071/1127/1365
f 1071/1147/1365 1075/1150/1367 1073/1036/1119 1069/1031/1114
f 1072/1122/1115 949/1070/975 951/1073/1270 1074/1148/1117
f 1074/1148/1366 951/1073/1271 950/1075/1274 1075/1149/1367
f 1075/1150/1367 950/1076/1274 948/893/984 1073/1036/1119
f 1077/1151/975 1080/1152/1368 1082/1153/1269 1079/1154/1270
f 1079/1154/1369 1082/1153/1272 1083/1155/1370 1078/1156/982
f 1078/1076/982 1083/1077/1370 1081/892/983 1076/893/984
f 1080/1152/1368 1084/1157/1371 1086/1158/987 1082/1153/1269
f 1082/1153/1272 1086/1158/1372 1087/1159/1373 1083/1155/1370
f 1083/1077/1370 1087/1160/1373 1085/898/989 1081/892/983
f 1084/1157/1371 1088/1161/990 1090/1162/992 1086/1158/987
f 1086/1158/1372 1090/1162/1374 1091/1163/993 1087/1159/1373
f 1087/1160/1373 1091/1085/993 1089/903/994 1085/898/989
f 1088/1161/990 1092/1164/1280 1094/1165/997 1090/1162/992
f 1090/1162/1374 1094/1165/1281 1095/1166/1282 1091/1163/993
f 1091/1085/993 1095/1089/1282 1093/908/999 1089/903/994
f 1092/1167/1280 1096/1168/1375 1098/1169/1284 1094/1170/997
f 1094/1170/1281 1098/1169/1284 1099/1171/1003 1095/1172/1282
f 1095/1089/1282 1099/1173/1003 1097/916/1004 1093/908/999
f 1096/1168/1375 1100/1174/1005 1102/1175/1007 1098/1169/1284
f 1098/1169/1284 1102/1175/1376 1103/1176/1377 1099/1171/1003
f 1099/1173/1003 1103/920/1377 1101/921/1009 1097/916/1004
f 1100/1174/1005 1104/1177/1288 1106/1178/1012 1102/1175/1007
f 1102/1175/1376 1106/1178/1289 1107/1179/1378 1103/1176/1377
f 1103/920/1377 1107/925/1378 1105/926/1014 1101/921/1009
f 1104/1177/1288 1108/1180/1015 1110/1181/1017 1106/1178/1012
f 1106/1178/1289 1110/1181/1292 1111/1182/1018 1107/1179/1378
f 1107/925/1378 1111/930/1018 1109/931/1019 1105/926/1014
f 1108/1180/1015 1112/1183/1294 1114/1184/1295 1110/1181/1017
f 1110/1181/1292 1114/1184/1379 1115/1185/1380 1111/1182/1018
f 1111/930/1018 1115/935/1380 1113/936/1023 1109/931/1019
f 1112/1183/1294 1116/1186/1024 1118/1187/1298 1114/1184/1295
f 1114/1184/1379 1118/1187/1299 1119/1188/1381 1115/1185/1380
f 1115/935/1380 1119/940/1381 1117/941/1027 1113/936/1023
f 1116/1186/1024 1120/1189/1301 1122/1190/1303 1118/1187/1298
f 1118/1187/1299 1122/1190/1303 1123/1191/1030 1119/1188/1381
f 1119/940/1381 1123/1192/1030 1121/946/1031 1117/941/1027
f 1120/1189/1301 1124/1193/1032 1126/1194/1308 1122/1190/1303
f 1122/1190/1303 1126/1194/1382 1127/1195/1383 1123/1191/1030
f 1123/1192/1030 1127/950/1383 1125/951/1035 1121/946/1031
f 1124/1164/1032 1128/1161/1384 1130/1196/1385 1126/1197/1308
f 1126/1197/1382 1130/1196/1386 1131/1198/1038 1127/1166/1383
f 1127/950/1383 1131/958/1038 1129/959/1039 1125/951/1035
f 1128/1161/1384 1132/1157/1040 1134/1199/1387 1130/1196/1385
f 1130/1196/1386 1134/1199/1388 1135/1159/1389 1131/1198/1038
f 1131/958/1038 1135/962/1389 1133/963/1044 1129/959/1039
f 1132/1157/1040 1136/1152/1390 1138/1153/1047 1134/1199/1387
f 1134/1199/1388 1138/1153/1315 1139/1200/1391 1135/1159/1389
f 1135/962/1389 1139/967/1391 1137/968/1049 1133/963/1044
f 1136/1152/1390 1140/1151/1050 1142/1201/1052 1138/1153/1047
f 1138/1153/1315 1142/1201/1317 1143/1202/1053 1139/1200/1391
f 1139/967/1391 1143/971/1053 1141/972/1054 1137/968/1049
f 1140/1151/1050 1144/1203/1392 1146/1204/1321 1142/1201/1052
f 1142/1201/1317 1146/1204/1321 1147/1205/1393 1143/1202/1053
f 1143/971/1053 1147/976/1393 1145/977/1059 1141/972/1054
f 1144/1203/1392 1148/1206/1323 1150/1207/1062 1146/1204/1321
f 1146/1204/1321 1150/1207/1394 1151/1208/1395 1147/1205/1393
f 1147/976/1393 1151/981/1395 1149/982/1064 1145/977/1059
f 1148/1206/1323 1152/1209/1065 1154/1210/1067 1150/1207/1062
f 1150/1207/1394 1154/1210/1326 1155/1211/1068 1151/1208/1395
f 1151/981/1395 1155/986/1068 1153/987/1069 1149/982/1064
f 1152/1209/1065 1156/1212/1396 1158/1213/1330 1154/1210/1067
f 1154/1210/1326 1158/1213/1331 1159/1214/1397 1155/1211/1068
f 1155/986/1068 1159/991/1397 1157/992/1073 1153/987/1069
f 1156/1193/1396 1160/1189/1333 1162/1215/1334 1158/1216/1330
f 1158/1216/1331 1162/1215/1335 1163/1191/1398 1159/1195/1397
f 1159/991/1397 1163/995/1398 1161/996/1077 1157/992/1073
f 1160/1189/1333 1164/1186/1078 1166/1217/1337 1162/1215/1334
f 1162/1215/1335 1166/1217/1338 1167/1218/1399 1163/1191/1398
f 1163/995/1398 1167/997/1399 1165/998/1081 1161/996/1077
f 1164/1186/1078 1168/1183/1340 1170/1184/1400 1166/1217/1337
f 1166/1217/1338 1170/1184/1342 1171/1219/1401 1167/1218/1399
f 1167/997/1399 1171/1001/1401 1169/1002/1085 1165/998/1081
f 1168/1183/1340 1172/1180/1086 1174/1181/1087 1170/1184/1400
f 1170/1184/1342 1174/1181/1344 1175/1220/1088 1171/1219/1401
f 1171/1001/1401 1175/1003/1088 1173/1004/1089 1169/1002/1085
f 1172/1180/1086 1176/1177/1346 1178/1221/1092 1174/1181/1087
f 1174/1181/1344 1178/1221/1402 1179/1222/1403 1175/1220/1088
f 1175/1003/1088 1179/1007/1403 1177/1008/1094 1173/1004/1089
f 1176/1177/1346 1180/1174/1095 1182/1223/1404 1178/1221/1092
f 1178/1221/1402 1182/1223/1351 1183/1224/1405 1179/1222/1403
f 1179/1007/1403 1183/1011/1405 1181/1012/1098 1177/1008/1094
f 1180/1174/1095 1184/1168/1406 1186/1169/1355 1182/1223/1404
f 1182/1223/1351 1186/1169/1355 1187/1225/1101 1183/1224/1405
f 1183/1011/1405 1187/1014/1101 1185/1015/1102 1181/1012/1098
f 1184/1168/1406 1188/1167/1357 1190/1226/1104 1186/1169/1355
f 1186/1169/1355 1190/1226/1358 1191/1227/1407 1187/1225/1101
f 1187/1014/1101 1191/1141/1407 1189/1019/1106 1185/1015/1102
f 1188/1212/1357 1192/1209/1107 1194/1210/1108 1190/1228/1104
f 1190/1228/1358 1194/1210/1360 1195/1229/1109 1191/1230/1407
f 1191/1141/1407 1195/1231/1109 1193/1027/1362 1189/1019/1106
f 1192/1209/1107 1196/1206/1111 1198/1232/1363 1194/1210/1108
f 1194/1210/1360 1198/1232/1364 1199/1233/1365 1195/1229/1109
f 1195/1231/1109 1199/1147/1365 1197/1031/1114 1193/1027/1362
f 1196/1206/1111 1200/1203/1115 1202/1234/1408 1198/1232/1363
f 1198/1232/1364 1202/1234/1409 1203/1235/1367 1199/1233/1365
f 1199/1147/1365 1203/1150/1367 1201/1036/1119 1197/1031/1114
f 1200/1203/1115 1077/1151/975 1079/1154/1270 1202/1234/1408
f 1202/1234/1409 1079/1154/1369 1078/1156/982 1203/1235/1367
f 1203/1150/1367 1078/1076/982 1076/893/984 1201/1036/1119
f 1398/728/775 1408/735/1548 1412/738/1549 1405/729/776
f 1405/732/1550 1412/750/1551 1417/747/1552 1400/719/1553
f 1400/719/1554 1417/747/1555 1410/746/796 1396/716/760
f 1422/764/819 1398/728/775 1406/731/1556 1429/765/1557
f 1429/768/820 1406/726/772 1402/725/1558 1424/755/1559
f 1424/755/1560 1402/725/1561 1397/724/1562 1420/752/1563
f 1408/735/1564 1432/771/1565 1436/774/1566 1411/736/1567
f 1411/739/782 1436/785/829 1441/782/1568 1415/740/1569
f 1415/740/1570 1441/782/1571 1434/781/839 1409/742/789
f 1432/771/1572 1422/764/819 1430/767/1573 1435/772/827
f 1435/775/1574 1430/762/1575 1426/761/815 1439/776/831
f 1439/776/1576 1426/761/813 1421/760/812 1433/746/834
f 1420/752/1577 1389/1301/1514 1391/1302/1515 1423/753/1578
f 1423/756/808 1391/1303/1516 1390/1304/1517 1427/757/1579
f 1427/757/1580 1390/1304/1520 1388/1305/1521 1421/760/1581
f 1392/1306/1523 1434/781/1582 1442/784/842 1394/1302/1524
f 1394/1307/1525 1442/749/1583 1438/779/836 1395/1308/1527
f 1395/1308/1528 1438/779/1584 1433/746/1585 1393/1309/1530
f 1396/716/1586 1381/1310/1532 1383/1303/1533 1399/717/1587
f 1399/720/764 1383/1311/1535 1382/1312/1536 1403/721/1588
f 1403/721/770 1382/1312/1537 1380/1313/1538 1397/724/1589
f 1384/1309/1539 1410/746/1590 1418/749/1591 1386/1307/1542
f 1386/1311/1543 1418/744/1592 1414/743/792 1387/1314/1545
f 1387/1314/1546 1414/743/1593 1409/742/1594 1385/1315/1547
f 1368/699/742 1332/646/1595 1336/649/1596 1371/700/1597
f 1371/703/746 1336/662/1598 1341/661/700 1375/704/747
f 1375/704/747 1341/661/700 1334/660/696 1369/707/750
f 1356/681/725 1370/711/1599 1378/655/755 1359/667/1600
f 1359/684/1601 1378/709/1602 1374/708/751 1363/685/734
f 1363/685/1603 1374/708/1604 1369/707/1605 1357/688/1606
f 1333/654/690 1344/664/705 1348/667/708 1338/655/692
f 1338/656/1607 1348/680/1608 1353/677/1609 1342/657/1610
f 1342/657/1611 1353/677/723 1346/676/1612 1334/660/1613
f 1345/672/1614 1358/694/1615 1366/691/1616 1350/673/715
f 1350/673/1617 1366/691/1616 1362/690/735 1354/674/716
f 1354/679/1618 1362/689/1619 1357/688/732 1346/676/1620
f 1344/664/705 1457/1316/1621 1459/1317/1622 1347/665/706
f 1347/668/1623 1459/1318/1624 1458/1319/1625 1351/669/709
f 1351/669/1626 1458/1319/1627 1456/1320/1628 1345/672/1629
f 1452/1321/1630 1356/681/725 1360/683/728 1454/1317/1631
f 1454/1322/1632 1360/696/1633 1365/695/1634 1455/1323/1635
f 1455/1323/1636 1365/695/740 1358/694/739 1453/1324/1637
f 1444/1324/1638 1368/699/1639 1372/702/1640 1446/1322/1641
f 1446/1325/1641 1372/714/745 1377/712/1642 1447/1326/1643
f 1447/1326/1644 1377/712/758 1370/711/1599 1445/1327/1645
f 1332/646/684 1449/1320/1646 1451/1318/1647 1335/647/685
f 1335/650/1648 1451/1325/1647 1450/1326/1649 1339/651/1650
f 1339/651/688 1450/1326/1649 1448/1327/1651 1333/654/690
f 1526/866/943 1460/787/1652 1464/790/1653 1533/867/944
f 1533/867/1654 1464/790/860 1469/803/859 1528/868/1655
f 1528/858/931 1469/800/1656 1462/799/1657 1524/855/1658
f 1484/822/885 1497/654/914 1503/846/917 1487/823/1659
f 1487/823/1659 1503/846/917 1499/845/1660 1491/826/889
f 1491/831/895 1499/842/1661 1496/841/1662 1485/828/892
f 1461/795/851 1473/813/871 1479/810/1663 1466/796/852
f 1466/796/852 1479/810/1664 1475/809/1665 1470/797/854
f 1470/802/854 1475/806/1666 1472/805/1667 1462/799/1668
f 1538/866/966 1486/836/1669 1494/833/1670 1545/881/967
f 1545/881/970 1494/833/1670 1490/832/896 1540/882/1671
f 1540/872/1672 1490/829/896 1485/828/1673 1536/828/1674
f 1473/813/871 1521/1328/1621 1523/1329/1675 1478/814/872
f 1478/815/1676 1523/1330/1677 1522/1331/1678 1482/816/876
f 1482/816/1679 1522/1331/1680 1520/1332/1681 1474/787/878
f 1516/1333/1682 1484/822/1683 1488/825/1684 1518/1329/1685
f 1518/1334/1197 1488/838/1686 1493/837/1687 1519/1335/1688
f 1519/1335/1689 1493/837/1690 1486/836/900 1517/1336/1691
f 1508/1336/1692 1498/836/1693 1506/854/923 1510/1334/1694
f 1510/1337/1695 1506/850/1696 1502/849/915 1511/1338/1697
f 1511/1338/1698 1502/849/1699 1497/654/1700 1509/1339/1645
f 1460/787/1652 1513/1340/1701 1515/1330/1702 1463/788/844
f 1463/791/847 1515/1337/1703 1514/1338/1704 1467/792/848
f 1467/792/1705 1514/1338/1706 1512/1339/1707 1461/795/851
f 1498/836/920 1526/866/943 1534/863/1708 1505/852/921
f 1505/852/924 1534/863/945 1530/862/1709 1500/832/1710
f 1500/844/909 1530/861/936 1525/841/1711 1496/841/1662
f 1474/787/878 1538/866/966 1546/878/1712 1481/819/879
f 1481/819/882 1546/878/1713 1542/877/962 1476/820/1714
f 1476/808/867 1542/876/959 1537/875/1715 1472/805/1716
f 1524/855/1717 1537/875/958 1543/873/1718 1527/856/1719
f 1527/856/1720 1543/873/956 1539/870/955 1531/859/1721
f 1531/859/1722 1539/870/1723 1536/828/1674 1525/841/935
f 588/893/984 593/892/983 597/898/989 601/903/994 605/908/999 609/916/1004 613/921/1009 617/926/1014 621/931/1019 625/936/1023 629/941/1027 633/946/1031 637/951/1035 641/959/1039 645/963/1044 649/968/1049 653/972/1054 657/977/1059 661/982/1064 665/987/1069 669/992/1073 673/996/1077 677/998/1081 681/1002/1085 685/1004/1089 689/1008/1094 693/1012/1098 697/1015/1102 701/1019/1106 705/1027/1110 709/1031/1114 713/1036/1119
f 712/1032/1115 188/109/188 1/2/2 589/884/975
f 589/884/975 1/2/2 7/1/1 592/885/976
f 592/885/976 7/1/1 13/16/14 596/894/985
f 596/894/985 13/16/14 19/23/20 600/899/990
f 600/899/990 19/23/20 25/30/26 604/904/995
f 604/909/995 25/38/26 31/37/32 608/910/1000
f 608/910/1000 31/37/32 37/48/38 612/917/1005
f 612/917/1005 37/48/38 43/55/44 616/922/1010
f 616/922/1010 43/55/44 49/62/50 620/927/1015
f 620/927/1015 49/62/50 55/69/56 624/932/1020
f 624/932/1020 55/69/56 61/76/62 628/937/1024
f 628/937/1024 61/76/62 67/83/68 632/942/1028
f 632/942/1028 67/83/68 73/90/74 636/947/1032
f 636/952/1032 73/30/74 79/23/80 640/953/1036
f 640/953/1036 79/23/80 85/16/86 644/894/1040
f 644/894/1040 85/16/86 91/1/92 648/964/1045
f 648/964/1045 91/1/92 97/2/98 652/884/1050
f 652/884/1050 97/2/98 104/109/104 656/973/1055
f 656/973/1055 104/109/104 110/116/110 660/978/1060
f 660/978/1060 110/116/110 116/123/116 664/983/1065
f 664/983/1065 116/123/116 122/130/122 668/988/1070
f 668/993/1070 122/90/122 128/83/128 672/994/1074
f 672/994/1074 128/83/128 134/76/134 676/937/1078
f 676/937/1078 134/76/134 140/69/140 680/999/1082
f 680/999/1082 140/69/140 146/62/146 684/927/1086
f 684/927/1086 146/62/146 152/55/152 688/1005/1090
f 688/1005/1090 152/55/152 158/48/158 692/917/1095
f 692/917/1095 158/48/158 164/37/164 696/1013/1099
f 696/1013/1099 164/37/164 170/38/170 700/1016/1103
f 700/1020/1103 170/130/170 176/123/176 704/1021/1107
f 704/1021/1107 176/123/176 182/116/182 708/978/1111
f 708/978/1111 182/116/182 188/109/188 712/1032/1115
f 948/893/984 953/892/983 957/898/989 961/903/994 965/908/999 969/916/1004 973/921/1009 977/926/1291 981/931/1019 985/936/1023 989/941/1027 993/946/1305 997/951/1035 1001/959/1039 1005/963/1044 1009/968/1049 1013/972/1054 1017/977/1059 1021/982/1064 1025/987/1069 1029/992/1073 1033/996/1077 1037/998/1081 1041/1002/1085 1045/1004/1089 1049/1008/1094 1053/1012/1098 1057/1015/1102 1061/1019/1106 1065/1027/1362 1069/1031/1114 1073/1036/1119
f 1072/1122/1115 383/226/188 196/171/2 949/1070/975
f 949/1070/975 196/171/2 202/170/1 952/1071/976
f 952/1071/976 202/170/1 208/178/14 956/1078/985
f 956/1078/985 208/178/14 214/182/20 960/1082/990
f 960/1082/990 214/182/20 220/186/26 964/1086/1280
f 964/1090/1280 220/191/26 226/190/203 968/1091/1283
f 968/1091/1283 226/190/203 232/198/38 972/1096/1005
f 972/1096/1005 232/198/38 238/202/44 976/1099/1288
f 976/1099/1288 238/202/44 244/206/50 980/1102/1015
f 980/1102/1015 244/206/50 250/210/56 984/1105/1294
f 984/1105/1294 250/210/56 256/214/216 988/1108/1024
f 988/1108/1024 256/214/216 262/218/221 992/1111/1301
f 992/1111/1301 262/218/221 268/222/74 996/1114/1306
f 996/1086/1306 268/186/74 274/182/80 1000/1082/1036
f 1000/1082/1036 274/182/80 280/178/86 1004/1078/1040
f 1004/1078/1040 280/178/86 286/170/233 1008/1071/1045
f 1008/1071/1045 286/170/233 292/171/98 1012/1070/1050
f 1012/1070/1050 292/171/98 299/226/234 1016/1122/1320
f 1016/1122/1320 299/226/234 305/230/110 1020/1125/1323
f 1020/1125/1323 305/230/110 311/234/116 1024/1128/1065
f 1024/1128/1065 311/234/116 317/238/122 1028/1131/1329
f 1028/1114/1329 317/222/122 323/218/128 1032/1111/1333
f 1032/1111/1333 323/218/128 329/214/244 1036/1108/1078
f 1036/1108/1078 329/214/244 335/210/140 1040/1105/1340
f 1040/1105/1340 335/210/140 341/206/246 1044/1102/1086
f 1044/1102/1086 341/206/246 347/202/152 1048/1099/1346
f 1048/1099/1346 347/202/152 353/198/249 1052/1096/1095
f 1052/1096/1095 353/198/249 359/190/164 1056/1091/1353
f 1056/1091/1353 359/190/164 365/191/170 1060/1090/1357
f 1060/1142/1357 365/238/170 371/234/258 1064/1128/1107
f 1064/1128/1107 371/234/258 377/230/182 1068/1125/1111
f 1068/1125/1111 377/230/182 383/226/188 1072/1122/1115
f 1076/893/984 1081/892/983 1085/898/989 1089/903/994 1093/908/999 1097/916/1004 1101/921/1009 1105/926/1014 1109/931/1019 1113/936/1023 1117/941/1027 1121/946/1031 1125/951/1035 1129/959/1039 1133/963/1044 1137/968/1049 1141/972/1054 1145/977/1059 1149/982/1064 1153/987/1069 1157/992/1073 1161/996/1077 1165/998/1081 1169/1002/1085 1173/1004/1089 1177/1008/1094 1181/1012/1098 1185/1015/1102 1189/1019/1106 1193/1027/1362 1197/1031/1114 1201/1036/1119
f 1200/1203/1115 576/298/188 389/243/2 1077/1151/975
f 1077/1151/975 389/243/2 395/242/1 1080/1152/1368
f 1080/1152/1368 395/242/1 401/250/14 1084/1157/1371
f 1084/1157/1371 401/250/14 407/254/20 1088/1161/990
f 1088/1161/990 407/254/20 413/258/26 1092/1164/1280
f 1092/1167/1280 413/263/26 419/262/32 1096/1168/1375
f 1096/1168/1375 419/262/32 425/270/38 1100/1174/1005
f 1100/1174/1005 425/270/38 431/274/44 1104/1177/1288
f 1104/1177/1288 431/274/44 437/278/50 1108/1180/1015
f 1108/1180/1015 437/278/50 443/282/56 1112/1183/1294
f 1112/1183/1294 443/282/56 449/286/62 1116/1186/1024
f 1116/1186/1024 449/286/62 455/290/68 1120/1189/1301
f 1120/1189/1301 455/290/68 461/294/74 1124/1193/1032
f 1124/1164/1032 461/258/74 467/254/80 1128/1161/1384
f 1128/1161/1384 467/254/80 473/250/86 1132/1157/1040
f 1132/1157/1040 473/250/86 479/242/92 1136/1152/1390
f 1136/1152/1390 479/242/92 485/243/98 1140/1151/1050
f 1140/1151/1050 485/243/98 492/298/104 1144/1203/1392
f 1144/1203/1392 492/298/104 498/302/110 1148/1206/1323
f 1148/1206/1323 498/302/110 504/306/116 1152/1209/1065
f 1152/1209/1065 504/306/116 510/310/122 1156/1212/1396
f 1156/1193/1396 510/294/122 516/290/128 1160/1189/1333
f 1160/1189/1333 516/290/128 522/286/134 1164/1186/1078
f 1164/1186/1078 522/286/134 528/282/140 1168/1183/1340
f 1168/1183/1340 528/282/140 534/278/146 1172/1180/1086
f 1172/1180/1086 534/278/146 540/274/152 1176/1177/1346
f 1176/1177/1346 540/274/152 546/270/158 1180/1174/1095
f 1180/1174/1095 546/270/158 552/262/164 1184/1168/1406
f 1184/1168/1406 552/262/164 558/263/170 1188/1167/1357
f 1188/1212/1357 558/310/170 564/306/176 1192/1209/1107
f 1192/1209/1107 564/306/176 570/302/182 1196/1206/1111
f 1196/1206/1111 570/302/182 576/298/188 1200/1203/1115
f 1332/646/684 1368/699/1639 1444/1324/1755 1449/1320/1756
f 1334/660/696 1346/676/1620 1432/771/1572 1408/735/781
f 1369/707/750 1334/660/696 1408/735/781 1398/728/1757
f 1344/664/705 1333/654/690 1448/1327/1651 1457/1316/1621
f 1346/676/1620 1357/688/1606 1422/764/819 1432/771/1572
f 1358/694/1758 1345/672/712 1456/1320/1628 1453/1324/1637
f 1370/711/1599 1356/681/725 1452/1321/1630 1445/1327/1645
f 1357/688/732 1369/707/750 1398/728/1757 1422/764/819
f 1396/716/1759 1410/746/1760 1384/1309/1743 1381/1310/1744
f 1420/752/804 1397/724/1562 1380/1313/1538 1389/1301/1761
f 1409/742/1762 1434/781/1763 1392/1306/1523 1385/1315/1764
f 1433/746/1765 1421/760/1766 1388/1305/1749 1393/1309/1750
f 1460/787/843 1526/866/943 586/1341/13 1513/1340/1767
f 1524/855/928 1462/799/857 1472/805/1768 1537/875/958
f 1473/813/871 1461/795/851 1512/1339/1707 1521/1328/1621
f 1538/866/1769 1474/787/1770 1520/1332/1771 587/1341/1725
f 1496/841/1772 1525/841/1772 1536/828/1772 1485/828/1772
f 1486/836/900 1538/866/1769 587/1341/1725 1517/1336/1691
f 1497/654/914 1484/822/1683 1516/1333/1682 1509/1339/1645
f 1526/866/943 1498/836/1693 1508/1336/1692 586/1341/13
s 0
f 1827/1342/1773 1832/1343/1773 1784/1344/1773 1785/1345/1773
s 1
f 1580/1346/1774 1581/1347/1775 1583/1348/1776 1758/1349/292 1759/1350/292 1754/1351/292 1755/1352/292 1751/1353/292 1749/1354/292 1747/1355/292 1744/1356/292 1745/1357/292 1746/1358/292 1748/1359/292 1750/1360/292 1752/1361/292 1753/1362/292 1756/1363/292 1757/1364/292 1775/1365/292
f 1588/1366/1777 1590/1367/1778 1600/1368/1779 1596/1369/1780
f 1586/1370/1781 1587/1348/1782 1585/1347/1783 1584/1346/1784
f 1591/1346/1785 1589/1347/1786 1594/1371/1783 1595/1372/1784
f 1588/1373/1777 1596/1374/1780 1603/1375/1787 1591/1376/1785
f 1590/1373/1778 1583/1377/1776 1581/1378/1775 1589/1376/1786
f 1600/1374/1779 1590/1373/1778 1589/1376/1786 1605/1375/1788
f 1597/1379/1789 1599/1380/1790 1587/1381/1782 1586/1382/1781
f 1603/1383/1787 1605/1384/1788 1589/1367/1786 1591/1366/1785
f 1587/1385/1782 1599/1386/1790 1606/1387/1791 1585/1388/1783
f 1582/1389/1792 1583/1390/1776 1590/1367/1778 1588/1366/1777
f 1582/1377/1792 1588/1373/1777 1591/1376/1785 1580/1378/1774
f 1584/1382/1784 1585/1381/1783 1606/1380/1791 1602/1379/1793
f 1595/1366/1784 1594/1367/1783 1593/1390/1794 1592/1389/1795
f 1581/1347/1775 1580/1346/1774 1592/1372/1795 1593/1371/1794
f 1580/1378/1774 1591/1376/1785 1595/1391/1784 1592/1392/1795
f 1589/1376/1786 1581/1378/1775 1593/1392/1794 1594/1391/1783
f 1600/1374/1779 1605/1375/1788 1607/1393/1796 1601/1394/1797
f 1601/1394/1797 1607/1393/1796 1606/1387/1791 1599/1386/1790
f 1597/1386/1789 1602/1387/1793 1604/1393/1798 1598/1394/1799
f 1598/1394/1799 1604/1393/1798 1603/1375/1787 1596/1374/1780
f 1605/1384/1788 1603/1383/1787 1604/1395/1798 1607/1396/1796
f 1607/1396/1796 1604/1395/1798 1602/1379/1793 1606/1380/1791
f 1599/1380/1790 1597/1379/1789 1598/1395/1799 1601/1396/1797
f 1601/1396/1797 1598/1395/1799 1596/1369/1780 1600/1368/1779
f 1597/1386/1789 1586/1385/1781 1584/1388/1784 1602/1387/1793
f 1609/1397/1794 1611/1398/1776 1610/1399/1792 1608/1400/1795 1621/1401/1800 1625/1402/1801 1627/1403/1802 1626/1404/1803 1632/1405/1804 1629/1406/1805 1628/1407/1806 1631/1408/1807 1630/1409/1808 1640/1410/1809 1645/1411/1810 1643/1412/1811 1642/1413/1812 1644/1414/1813 1646/1415/1814 1641/1416/1815 1647/1417/1816 1637/1418/1817 1638/1419/1818 1636/1420/1819 1639/1421/1820 1634/1422/1821 1635/1423/1822 1633/1424/1823 1624/1425/1824
f 1621/1401/1800 1608/1400/1795 1609/1397/1794 1624/1425/1824 1620/1426/1825 1623/1427/1826 1618/1428/1827 1616/1429/1828 1617/1430/1829 1622/1431/1830 1619/1432/1831
f 1611/1433/1776 1609/1434/1794 1615/1435/1796 1612/1436/1778
f 1610/1437/1792 1611/1438/1776 1612/1439/1778 1613/1440/1777
f 1609/1438/1794 1608/1437/1795 1614/1440/1798 1615/1439/1796
f 1608/1434/1795 1610/1433/1792 1613/1436/1777 1614/1435/1798
f 1644/1441/1813 1642/1442/1812 1674/1443/1832 1676/1444/1833
f 1620/1445/1825 1624/1446/1824 1656/1447/1777 1652/1448/1834
f 1646/1449/1814 1644/1441/1813 1676/1444/1833 1678/1450/1835
f 1625/1451/1801 1621/1452/1800 1653/1453/1778 1657/1454/1836
f 1623/1449/1826 1620/1445/1825 1652/1448/1834 1655/1450/1837
f 1641/1445/1815 1646/1449/1814 1678/1450/1835 1673/1448/1838
f 1627/1455/1802 1625/1451/1801 1657/1454/1836 1659/1456/1839
f 1618/1441/1827 1623/1449/1826 1655/1450/1837 1650/1444/1840
f 1647/1446/1816 1641/1445/1815 1673/1448/1838 1679/1447/1798
f 1626/1457/1803 1627/1455/1802 1659/1456/1839 1658/1458/1841
f 1616/1442/1828 1618/1441/1827 1650/1444/1840 1648/1443/1842
f 1637/1459/1817 1647/1460/1816 1679/1461/1798 1669/1462/1843
f 1632/1463/1804 1626/1457/1803 1658/1458/1841 1664/1464/13
f 1617/1465/1829 1616/1442/1828 1648/1443/1842 1649/1466/1844
f 1638/1467/1818 1637/1459/1817 1669/1462/1843 1670/1468/1845
f 1629/1469/1805 1632/1463/1804 1664/1464/13 1661/1470/1846
f 1622/1471/1830 1617/1465/1829 1649/1466/1844 1654/1472/1847
f 1636/1469/1819 1638/1467/1818 1670/1468/1845 1668/1470/1848
f 1628/1467/1806 1629/1469/1805 1661/1470/1846 1660/1468/1849
f 1619/1473/1831 1622/1471/1830 1654/1472/1847 1651/1474/1850
f 1639/1463/1820 1636/1469/1819 1668/1470/1848 1671/1464/1725
f 1631/1459/1807 1628/1467/1806 1660/1468/1849 1663/1462/1851
f 1634/1457/1821 1639/1463/1820 1671/1464/1725 1666/1458/1852
f 1630/1460/1808 1631/1459/1807 1663/1462/1851 1662/1461/1796
f 1635/1455/1822 1634/1457/1821 1666/1458/1852 1667/1456/1853
f 1640/1473/1809 1630/1475/1808 1662/1476/1796 1672/1474/1854
f 1633/1451/1823 1635/1455/1822 1667/1456/1853 1665/1454/1855
f 1645/1471/1810 1640/1473/1809 1672/1474/1854 1677/1472/1856
f 1624/1452/1824 1633/1451/1823 1665/1454/1855 1656/1453/1777
f 1643/1465/1811 1645/1471/1810 1677/1472/1856 1675/1466/1857
f 1621/1475/1800 1619/1473/1831 1651/1474/1850 1653/1476/1778
f 1642/1442/1812 1643/1465/1811 1675/1466/1857 1674/1443/1832
f 1708/1477/1829 1740/1478/1844 1738/1479/1842 1706/1480/1828
f 1684/1481/1809 1716/1482/1854 1720/1483/1796 1688/1484/1808
f 1710/1485/1830 1742/1486/1847 1740/1478/1844 1708/1477/1829
f 1689/1487/1817 1721/1488/1843 1717/1489/1798 1685/1490/1816
f 1687/1485/1810 1719/1486/1856 1716/1482/1854 1684/1481/1809
f 1705/1481/1831 1737/1482/1850 1742/1486/1847 1710/1485/1830
f 1691/1491/1818 1723/1492/1845 1721/1488/1843 1689/1487/1817
f 1682/1477/1811 1714/1478/1857 1719/1486/1856 1687/1485/1810
f 1711/1484/1858 1743/1483/1778 1737/1482/1850 1705/1481/1831
f 1690/1493/1819 1722/1494/1848 1723/1492/1845 1691/1491/1818
f 1680/1480/1812 1712/1479/1832 1714/1478/1857 1682/1477/1811
f 1701/1495/1801 1733/1496/1836 1743/1497/1778 1711/1498/1858
f 1696/1499/1820 1728/1500/1725 1722/1494/1848 1690/1493/1819
f 1681/1501/1813 1713/1502/1833 1712/1479/1832 1680/1480/1812
f 1702/1503/1802 1734/1504/1839 1733/1496/1836 1701/1495/1801
f 1693/1505/1821 1725/1506/1852 1728/1500/1725 1696/1499/1820
f 1686/1507/1814 1718/1508/1835 1713/1502/1833 1681/1501/1813
f 1700/1505/1803 1732/1506/1841 1734/1504/1839 1702/1503/1802
f 1692/1503/1822 1724/1504/1853 1725/1506/1852 1693/1505/1821
f 1683/1509/1815 1715/1510/1838 1718/1508/1835 1686/1507/1814
f 1703/1499/1804 1735/1500/13 1732/1506/1841 1700/1505/1803
f 1695/1495/1823 1727/1496/1855 1724/1504/1853 1692/1503/1822
f 1698/1493/1805 1730/1494/1846 1735/1500/13 1703/1499/1804
f 1694/1498/1859 1726/1497/1777 1727/1496/1855 1695/1495/1823
f 1699/1491/1806 1731/1492/1849 1730/1494/1846 1698/1493/1805
f 1704/1509/1825 1736/1510/1834 1726/1511/1777 1694/1512/1859
f 1697/1487/1807 1729/1488/1851 1731/1492/1849 1699/1491/1806
f 1709/1507/1826 1741/1508/1837 1736/1510/1834 1704/1509/1825
f 1688/1490/1808 1720/1489/1796 1729/1488/1851 1697/1487/1807
f 1707/1501/1827 1739/1502/1840 1741/1508/1837 1709/1507/1826
f 1685/1512/1816 1717/1511/1798 1715/1510/1838 1683/1509/1815
f 1706/1480/1828 1738/1479/1842 1739/1502/1840 1707/1501/1827
f 1689/1402/1817 1685/1401/1816 1683/1432/1815 1686/1431/1814 1681/1430/1813 1680/1429/1812 1682/1428/1811 1687/1427/1810 1684/1426/1809 1688/1425/1808 1697/1424/1807 1699/1423/1806 1698/1422/1805 1703/1421/1804 1700/1420/1803 1702/1419/1802 1701/1418/1801 1711/1417/1858 1705/1416/1831 1710/1415/1830 1708/1414/1829 1706/1413/1828 1707/1412/1827 1709/1411/1826 1704/1410/1825 1694/1409/1859 1695/1408/1823 1692/1407/1822 1693/1406/1821 1696/1405/1820 1690/1404/1819 1691/1403/1818
s 0
f 1763/1513/1860 1557/1514/1860 1556/1515/1860 1768/1516/1860
s 1
f 1767/1517/292 1765/1518/292 1766/1519/292 1774/1520/292 1761/1521/292 1760/1522/292 1763/1523/292 1768/1524/292 1769/1525/292 1771/1526/292 1772/1527/292 1770/1528/292 1773/1529/292 1764/1530/292 1762/1531/292 1758/1349/292 1583/1348/1776 1582/1370/1792 1580/1346/1774 1775/1365/292
s 0
f 1774/1532/1861 1560/1533/1861 1559/1534/1861 1761/1535/1861
f 1761/1535/1862 1559/1534/1862 1558/1536/1862 1760/1537/1862
f 1744/1538/1773 1573/1539/1773 1572/1515/1773 1745/1516/1773
f 1769/1538/1863 1555/1539/1863 1554/1540/1863 1771/1541/1863
f 1768/1516/1864 1556/1515/1864 1555/1539/1864 1769/1538/1864
f 1772/1542/1865 1553/1543/1865 1552/1544/1865 1770/1545/1865
f 1758/1546/1866 1548/1547/1866 1579/1548/1866 1759/1549/1866
f 1757/1549/1867 1565/1548/1867 1564/1547/1867 1775/1546/1867
f 1749/1542/1868 1575/1543/1868 1574/1540/1868 1747/1541/1868
f 1775/1546/1869 1564/1547/1869 1563/1550/1869 1767/1551/1869
f 1759/1549/1870 1579/1548/1870 1578/1552/1870 1754/1553/1870
f 1770/1554/1871 1552/1555/1871 1551/1556/1871 1773/1557/1871
f 1753/1558/1872 1567/1559/1872 1566/1552/1872 1756/1553/1872
f 1773/1557/1873 1551/1556/1873 1550/1560/1873 1764/1561/1873
f 1766/1557/1874 1561/1556/1874 1560/1555/1874 1774/1554/1874
f 1755/1558/1875 1577/1559/1875 1576/1562/1875 1751/1563/1875
f 1747/1541/1876 1574/1540/1876 1573/1539/1876 1744/1538/1876
f 1765/1561/1877 1562/1560/1877 1561/1556/1877 1766/1557/1877
f 1752/1563/1878 1568/1562/1878 1567/1559/1878 1753/1558/1878
f 1748/1537/1879 1570/1536/1879 1569/1534/1879 1750/1535/1879
f 1762/1551/1880 1549/1550/1880 1548/1547/1880 1758/1546/1880
f 1771/1541/1881 1554/1540/1881 1553/1543/1881 1772/1542/1881
f 1745/1516/1882 1572/1515/1882 1571/1514/1882 1746/1513/1882
f 1760/1537/1883 1558/1536/1883 1557/1514/1883 1763/1513/1883
f 1756/1553/1884 1566/1552/1884 1565/1548/1884 1757/1549/1884
f 1754/1553/1885 1578/1552/1885 1577/1559/1885 1755/1558/1885
f 1764/1561/1886 1550/1560/1886 1549/1550/1886 1762/1551/1886
f 1746/1513/1887 1571/1514/1887 1570/1536/1887 1748/1537/1887
f 1767/1551/1888 1563/1550/1888 1562/1560/1888 1765/1561/1888
f 1751/1545/1889 1576/1544/1889 1575/1543/1889 1749/1542/1889
f 1750/1535/1890 1569/1534/1890 1568/1533/1890 1752/1532/1890
f 1838/1564/1889 1825/1565/1889 1787/1566/1889 1788/1567/1889
f 1825/1565/1868 1824/1568/1868 1786/1569/1868 1787/1566/1868
f 1808/1570/1860 1809/1343/1860 1800/1344/1860 1801/1571/1860
f 1833/1570/1887 1835/1572/1887 1782/1573/1887 1783/1571/1887
f 1832/1343/1882 1833/1570/1882 1783/1571/1882 1784/1344/1882
f 1836/1574/1890 1834/1575/1890 1780/1576/1890 1781/1577/1890
f 1822/1578/1869 1823/1579/1869 1807/1580/1869 1776/1581/1869
f 1821/1579/1880 1839/1578/1880 1792/1581/1880 1793/1580/1880
f 1813/1574/1862 1811/1572/1862 1802/1573/1862 1803/1577/1862
f 1839/1578/1866 1831/1582/1866 1791/1583/1866 1792/1581/1866
f 1823/1579/1888 1818/1584/1888 1806/1585/1888 1807/1580/1888
f 1834/1586/1878 1837/1587/1878 1779/1588/1878 1780/1589/1878
f 1817/1590/1873 1820/1584/1873 1794/1585/1873 1795/1591/1873
f 1837/1587/1872 1828/1592/1872 1778/1593/1872 1779/1588/1872
f 1830/1587/1875 1838/1586/1875 1788/1589/1875 1789/1588/1875
f 1819/1590/1874 1815/1594/1874 1804/1595/1874 1805/1591/1874
f 1811/1572/1883 1808/1570/1883 1801/1571/1883 1802/1573/1883
f 1829/1592/1885 1830/1587/1885 1789/1588/1885 1790/1593/1885
f 1816/1594/1871 1817/1590/1871 1795/1591/1871 1796/1595/1871
f 1812/1568/1881 1814/1565/1881 1797/1566/1881 1798/1569/1881
f 1826/1582/1867 1822/1578/1867 1776/1581/1867 1777/1583/1867
f 1835/1572/1879 1836/1574/1879 1781/1577/1879 1782/1573/1879
f 1809/1343/1864 1810/1342/1864 1799/1345/1864 1800/1344/1864
f 1824/1568/1876 1827/1342/1876 1785/1345/1876 1786/1569/1876
f 1820/1584/1886 1821/1579/1886 1793/1580/1886 1794/1585/1886
f 1818/1584/1877 1819/1590/1877 1805/1591/1877 1806/1585/1877
f 1828/1592/1884 1826/1582/1884 1777/1583/1884 1778/1593/1884
f 1810/1342/1863 1812/1568/1863 1798/1569/1863 1799/1345/1863
f 1831/1582/1870 1829/1592/1870 1790/1593/1870 1791/1583/1870
f 1815/1575/1861 1813/1574/1861 1803/1577/1861 1804/1576/1861
f 1814/1565/1865 1816/1564/1865 1796/1567/1865 1797/1566/1865
f 1842/1596/292 1838/1520/292 1830/1519/292 1829/1518/292 1831/1517/292
f 1815/1353/292 1819/1352/292 1818/1351/292 1823/1350/292 1841/1597/292
f 1843/1598/292 1842/1596/292 1831/1517/292 1839/1365/292 1821/1364/292
f 1823/1350/292 1822/1349/292 1826/1531/292 1840/1599/292 1841/1597/292
f 1826/1531/292 1828/1530/292 1837/1529/292 1834/1528/292 1840/1599/292
f 1843/1598/292 1821/1364/292 1820/1363/292 1817/1362/292 1816/1361/292
f 1840/1600/1832 1845/1601/1832 1847/1602/1832 1841/1603/1832
f 1840/1599/292 1834/1528/292 1836/1527/292 1835/1526/292 1833/1525/292 1832/1524/292 1827/1523/292 1824/1522/292 1825/1521/292 1838/1520/292 1842/1596/292
f 1808/1356/292 1811/1355/292 1813/1354/292 1815/1353/292 1841/1597/292 1843/1598/292 1816/1361/292 1814/1360/292 1812/1359/292 1810/1358/292 1809/1357/292
f 1847/1597/292 1845/1599/292 1844/1604/292 1846/1605/292
f 1842/1606/13 1844/1607/13 1845/1608/13 1840/1575/13
f 1843/1603/1842 1846/1602/1842 1844/1601/1842 1842/1600/1842
f 1841/1575/1725 1847/1608/1725 1846/1607/1725 1843/1606/1725
f 2127/1609/1891 2085/1610/1891 2084/1611/1891 2132/1612/1891
s 1
f 1880/1613/1892 1881/1614/1893 1883/1615/1781 2058/1616/1724 2059/1617/1724 2054/1618/1724 2055/1619/1724 2051/1620/1724 2049/1621/1724 2047/1622/1724 2044/1623/1724 2045/1624/1724 2046/1625/1724 2048/1626/1724 2050/1627/1724 2052/1628/1724 2053/1629/1724 2056/1630/1724 2057/1631/1724 2075/1632/1724
f 1888/1633/1778 1890/1634/1777 1900/1635/1789 1896/1636/1790
f 1886/1637/1776 1887/1615/1792 1885/1614/1795 1884/1613/1794
f 1891/1613/1894 1889/1614/1895 1894/1638/1795 1895/1639/1794
f 1888/1640/1778 1896/1641/1790 1903/1642/1791 1891/1643/1894
f 1890/1640/1777 1883/1644/1781 1881/1645/1893 1889/1643/1895
f 1900/1641/1789 1890/1640/1777 1889/1643/1895 1905/1642/1793
f 1897/1646/1779 1899/1647/1780 1887/1648/1792 1886/1649/1776
f 1903/1636/1791 1905/1635/1793 1889/1634/1895 1891/1633/1894
f 1887/1650/1792 1899/1651/1780 1906/1652/1787 1885/1653/1795
f 1882/1654/1782 1883/1655/1781 1890/1634/1777 1888/1633/1778
f 1882/1644/1782 1888/1640/1778 1891/1643/1894 1880/1645/1892
f 1884/1649/1794 1885/1648/1795 1906/1647/1787 1902/1646/1788
f 1895/1633/1794 1894/1634/1795 1893/1655/1784 1892/1654/1783
f 1881/1614/1893 1880/1613/1892 1892/1639/1783 1893/1638/1784
f 1880/1645/1892 1891/1643/1894 1895/1656/1794 1892/1657/1783
f 1889/1643/1895 1881/1645/1893 1893/1657/1784 1894/1656/1795
f 1900/1641/1789 1905/1642/1793 1907/1658/1798 1901/1659/1799
f 1901/1659/1799 1907/1658/1798 1906/1652/1787 1899/1651/1780
f 1897/1651/1779 1902/1652/1788 1904/1658/1796 1898/1659/1797
f 1898/1659/1797 1904/1658/1796 1903/1642/1791 1896/1641/1790
f 1905/1635/1793 1903/1636/1791 1904/1660/1796 1907/1661/1798
f 1907/1661/1798 1904/1660/1796 1902/1646/1788 1906/1647/1787
f 1899/1647/1780 1897/1646/1779 1898/1660/1797 1901/1661/1799
f 1901/1661/1799 1898/1660/1797 1896/1636/1790 1900/1635/1789
f 1897/1651/1779 1886/1650/1776 1884/1653/1794 1902/1652/1788
f 1909/1662/1784 1911/1663/1781 1910/1664/1782 1908/1665/1783 1921/1666/1896 1925/1667/1897 1927/1668/1898 1926/1669/1899 1932/1670/1900 1929/1671/1901 1928/1672/1902 1931/1673/1903 1930/1674/1904 1940/1675/1905 1945/1676/1906 1943/1677/1907 1942/1678/1908 1944/1679/1909 1946/1680/1910 1941/1681/1911 1947/1682/1912 1937/1683/1913 1938/1684/1914 1936/1685/1915 1939/1686/1916 1934/1687/1917 1935/1688/1918 1933/1689/1919 1924/1690/1920
f 1921/1666/1896 1908/1665/1783 1909/1662/1784 1924/1690/1920 1920/1691/1921 1923/1692/1922 1918/1693/1923 1916/1694/1924 1917/1695/1925 1922/1696/1926 1919/1697/1927
f 1911/1698/1781 1909/1699/1784 1915/1700/1798 1912/1701/1777
f 1910/1702/1782 1911/1703/1781 1912/1704/1777 1913/1705/1778
f 1909/1703/1784 1908/1702/1783 1914/1705/1796 1915/1704/1798
f 1908/1699/1783 1910/1698/1782 1913/1701/1778 1914/1700/1796
f 1944/1706/1909 1942/1707/1908 1974/1708/1832 1976/1709/1857
f 1920/1710/1921 1924/1711/1920 1956/1712/1778 1952/1713/1850
f 1946/1714/1910 1944/1706/1909 1976/1709/1857 1978/1715/1856
f 1925/1716/1897 1921/1717/1896 1953/1718/1777 1957/1719/1855
f 1923/1714/1922 1920/1710/1921 1952/1713/1850 1955/1715/1847
f 1941/1710/1911 1946/1714/1910 1978/1715/1856 1973/1713/1854
f 1927/1720/1898 1925/1716/1897 1957/1719/1855 1959/1721/1853
f 1918/1706/1923 1923/1714/1922 1955/1715/1847 1950/1709/1844
f 1947/1711/1912 1941/1710/1911 1973/1713/1854 1979/1712/1796
f 1926/1722/1899 1927/1720/1898 1959/1721/1853 1958/1723/1852
f 1916/1707/1924 1918/1706/1923 1950/1709/1844 1948/1708/1842
f 1937/1724/1913 1947/1725/1912 1979/1726/1796 1969/1727/1851
f 1932/1728/1900 1926/1722/1899 1958/1723/1852 1964/1729/1725
f 1917/1730/1925 1916/1707/1924 1948/1708/1842 1949/1731/1840
f 1938/1732/1914 1937/1724/1913 1969/1727/1851 1970/1733/1849
f 1929/1734/1901 1932/1728/1900 1964/1729/1725 1961/1735/1848
f 1922/1736/1926 1917/1730/1925 1949/1731/1840 1954/1737/1837
f 1936/1734/1915 1938/1732/1914 1970/1733/1849 1968/1735/1846
f 1928/1732/1902 1929/1734/1901 1961/1735/1848 1960/1733/1845
f 1919/1738/1927 1922/1736/1926 1954/1737/1837 1951/1739/1834
f 1939/1728/1916 1936/1734/1915 1968/1735/1846 1971/1729/13
f 1931/1724/1903 1928/1732/1902 1960/1733/1845 1963/1727/1843
f 1934/1722/1917 1939/1728/1916 1971/1729/13 1966/1723/1841
f 1930/1725/1904 1931/1724/1903 1963/1727/1843 1962/1726/1798
f 1935/1720/1918 1934/1722/1917 1966/1723/1841 1967/1721/1839
f 1940/1738/1905 1930/1740/1904 1962/1741/1798 1972/1739/1838
f 1933/1716/1919 1935/1720/1918 1967/1721/1839 1965/1719/1836
f 1945/1736/1906 1940/1738/1905 1972/1739/1838 1977/1737/1835
f 1924/1717/1920 1933/1716/1919 1965/1719/1836 1956/1718/1778
f 1943/1730/1907 1945/1736/1906 1977/1737/1835 1975/1731/1833
f 1921/1740/1896 1919/1738/1927 1951/1739/1834 1953/1741/1777
f 1942/1707/1908 1943/1730/1907 1975/1731/1833 1974/1708/1832
f 2008/1742/1811 2006/1743/1812 2038/1744/1832 2040/1745/1857
f 1984/1746/1831 1988/1747/1858 2020/1748/1778 2016/1749/1850
f 2010/1750/1810 2008/1742/1811 2040/1745/1857 2042/1751/1856
f 1989/1752/1823 1985/1753/1859 2017/1754/1777 2021/1755/1855
f 1987/1750/1830 1984/1746/1831 2016/1749/1850 2019/1751/1847
f 2005/1746/1809 2010/1750/1810 2042/1751/1856 2037/1749/1854
f 1991/1756/1822 1989/1752/1823 2021/1755/1855 2023/1757/1853
f 1982/1742/1829 1987/1750/1830 2019/1751/1847 2014/1745/1844
f 2011/1747/1808 2005/1746/1809 2037/1749/1854 2043/1748/1796
f 1990/1758/1821 1991/1756/1822 2023/1757/1853 2022/1759/1852
f 1980/1743/1828 1982/1742/1829 2014/1745/1844 2012/1744/1842
f 2001/1760/1807 2011/1761/1808 2043/1762/1796 2033/1763/1851
f 1996/1764/1820 1990/1758/1821 2022/1759/1852 2028/1765/1725
f 1981/1766/1827 1980/1743/1828 2012/1744/1842 2013/1767/1840
f 2002/1768/1806 2001/1760/1807 2033/1763/1851 2034/1769/1849
f 1993/1770/1819 1996/1764/1820 2028/1765/1725 2025/1771/1848
f 1986/1772/1826 1981/1766/1827 2013/1767/1840 2018/1773/1837
f 2000/1770/1805 2002/1768/1806 2034/1769/1849 2032/1771/1846
f 1992/1768/1818 1993/1770/1819 2025/1771/1848 2024/1769/1845
f 1983/1774/1825 1986/1772/1826 2018/1773/1837 2015/1775/1834
f 2003/1764/1804 2000/1770/1805 2032/1771/1846 2035/1765/13
f 1995/1760/1817 1992/1768/1818 2024/1769/1845 2027/1763/1843
f 1998/1758/1803 2003/1764/1804 2035/1765/13 2030/1759/1841
f 1994/1761/1816 1995/1760/1817 2027/1763/1843 2026/1762/1798
f 1999/1756/1802 1998/1758/1803 2030/1759/1841 2031/1757/1839
f 2004/1774/1928 1994/1776/1816 2026/1777/1798 2036/1775/1838
f 1997/1752/1801 1999/1756/1802 2031/1757/1839 2029/1755/1836
f 2009/1772/1814 2004/1774/1928 2036/1775/1838 2041/1773/1835
f 1988/1753/1858 1997/1752/1801 2029/1755/1836 2020/1754/1778
f 2007/1766/1813 2009/1772/1814 2041/1773/1835 2039/1767/1833
f 1985/1776/1859 1983/1774/1825 2015/1775/1834 2017/1777/1777
f 2006/1743/1812 2007/1766/1813 2039/1767/1833 2038/1744/1832
f 1989/1667/1823 1991/1668/1822 1990/1669/1821 1996/1670/1820 1993/1671/1819 1992/1672/1818 1995/1673/1817 1994/1674/1816 2004/1675/1928 2009/1676/1814 2007/1677/1813 2006/1678/1812 2008/1679/1811 2010/1680/1810 2005/1681/1809 2011/1682/1808 2001/1683/1807 2002/1684/1806 2000/1685/1805 2003/1686/1804 1998/1687/1803 1999/1688/1802 1997/1689/1801 1988/1690/1858 1984/1691/1831 1987/1692/1830 1982/1693/1829 1980/1694/1828 1981/1695/1827 1986/1696/1826 1983/1697/1825 1985/1666/1859
s 0
f 2063/1778/1891 1857/1610/1891 1856/1611/1891 2068/1779/1891
s 1
f 2067/1780/1724 2065/1781/1724 2066/1782/1724 2074/1783/1724 2061/1784/1724 2060/1785/1724 2063/1786/1724 2068/1787/1724 2069/1788/1724 2071/1789/1724 2072/1790/1724 2070/1791/1724 2073/1792/1724 2064/1793/1724 2062/1794/1724 2058/1616/1724 1883/1615/1781 1882/1637/1782 1880/1613/1892 2075/1632/1724
s 0
f 2074/1795/1929 1860/1796/1929 1859/1797/1929 2061/1798/1929
f 2061/1798/1879 1859/1797/1879 1858/1799/1879 2060/1800/1879
f 2044/1801/1864 1873/1802/1864 1872/1611/1864 2045/1779/1864
f 2069/1801/1876 1855/1802/1876 1854/1803/1876 2071/1804/1876
f 2068/1779/1930 1856/1611/1930 1855/1802/1930 2069/1801/1930
f 2072/1805/1931 1853/1806/1931 1852/1807/1931 2070/1808/1931
f 2058/1809/1880 1848/1810/1880 1879/1811/1880 2059/1812/1880
f 2057/1812/1869 1865/1811/1869 1864/1810/1869 2075/1809/1869
f 2049/1805/1881 1875/1806/1881 1874/1803/1881 2047/1804/1881
f 2075/1809/1867 1864/1810/1867 1863/1813/1867 2067/1814/1867
f 2059/1812/1886 1879/1811/1886 1878/1815/1886 2054/1816/1886
f 2070/1817/1875 1852/1818/1875 1851/1819/1875 2073/1820/1875
f 2053/1821/1877 1867/1822/1877 1866/1815/1877 2056/1816/1877
f 2073/1820/1885 1851/1819/1885 1850/1823/1885 2064/1824/1885
f 2066/1820/1878 1861/1819/1878 1860/1818/1878 2074/1817/1878
f 2055/1821/1871 1877/1822/1871 1876/1825/1871 2051/1826/1871
f 2047/1804/1863 1874/1803/1863 1873/1802/1863 2044/1801/1863
f 2065/1824/1872 1862/1823/1872 1861/1819/1872 2066/1820/1872
f 2052/1826/1874 1868/1825/1874 1867/1822/1874 2053/1821/1874
f 2048/1800/1862 1870/1799/1862 1869/1797/1862 2050/1798/1862
f 2062/1814/1866 1849/1813/1866 1848/1810/1866 2058/1809/1866
f 2071/1804/1868 1854/1803/1868 1853/1806/1868 2072/1805/1868
f 2045/1779/1860 1872/1611/1860 1871/1610/1860 2046/1778/1860
f 2060/1800/1887 1858/1799/1887 1857/1610/1887 2063/1778/1887
f 2056/1816/1888 1866/1815/1888 1865/1811/1888 2057/1812/1888
f 2054/1816/1873 1878/1815/1873 1877/1822/1873 2055/1821/1873
f 2064/1824/1870 1850/1823/1870 1849/1813/1870 2062/1814/1870
f 2046/1778/1883 1871/1610/1883 1870/1799/1883 2048/1800/1883
f 2067/1814/1884 1863/1813/1884 1862/1823/1884 2065/1824/1884
f 2051/1808/1865 1876/1807/1865 1875/1806/1865 2049/1805/1865
f 2050/1798/1861 1869/1797/1861 1868/1796/1861 2052/1795/1861
f 2138/1827/1929 2088/1796/1929 2087/1797/1929 2125/1828/1929
f 2125/1828/1879 2087/1797/1879 2086/1799/1879 2124/1829/1879
f 2108/1830/1864 2101/1802/1864 2100/1611/1864 2109/1612/1864
f 2133/1830/1876 2083/1802/1876 2082/1803/1876 2135/1831/1876
f 2132/1612/1930 2084/1611/1930 2083/1802/1930 2133/1830/1930
f 2136/1832/1931 2081/1806/1931 2080/1807/1931 2134/1833/1931
f 2122/1834/1880 2076/1810/1880 2107/1811/1880 2123/1835/1880
f 2121/1835/1869 2093/1811/1869 2092/1810/1869 2139/1834/1869
f 2113/1832/1881 2103/1806/1881 2102/1803/1881 2111/1831/1881
f 2139/1834/1867 2092/1810/1867 2091/1813/1867 2131/1836/1867
f 2123/1835/1886 2107/1811/1886 2106/1815/1886 2118/1837/1886
f 2134/1838/1875 2080/1818/1875 2079/1819/1875 2137/1839/1875
f 2117/1840/1877 2095/1822/1877 2094/1815/1877 2120/1837/1877
f 2137/1839/1885 2079/1819/1885 2078/1823/1885 2128/1841/1885
f 2130/1839/1878 2089/1819/1878 2088/1818/1878 2138/1838/1878
f 2119/1840/1871 2105/1822/1871 2104/1825/1871 2115/1842/1871
f 2111/1831/1863 2102/1803/1863 2101/1802/1863 2108/1830/1863
f 2129/1841/1872 2090/1823/1872 2089/1819/1872 2130/1839/1872
f 2116/1842/1874 2096/1825/1874 2095/1822/1874 2117/1840/1874
f 2112/1829/1862 2098/1799/1862 2097/1797/1862 2114/1828/1862
f 2126/1836/1866 2077/1813/1866 2076/1810/1866 2122/1834/1866
f 2135/1831/1868 2082/1803/1868 2081/1806/1868 2136/1832/1868
f 2109/1612/1860 2100/1611/1860 2099/1610/1860 2110/1609/1860
f 2124/1829/1887 2086/1799/1887 2085/1610/1887 2127/1609/1887
f 2120/1837/1888 2094/1815/1888 2093/1811/1888 2121/1835/1888
f 2118/1837/1873 2106/1815/1873 2105/1822/1873 2119/1840/1873
f 2128/1841/1870 2078/1823/1870 2077/1813/1870 2126/1836/1870
f 2110/1609/1883 2099/1610/1883 2098/1799/1883 2112/1829/1883
f 2131/1836/1884 2091/1813/1884 2090/1823/1884 2129/1841/1884
f 2115/1833/1865 2104/1807/1865 2103/1806/1865 2113/1832/1865
f 2114/1828/1861 2097/1797/1861 2096/1796/1861 2116/1827/1861
f 2142/1843/292 2131/1780/292 2129/1781/292 2130/1782/292 2138/1783/292
f 2115/1620/292 2141/1844/292 2123/1617/292 2118/1618/292 2119/1619/292
f 2143/1845/292 2121/1631/292 2139/1632/292 2131/1780/292 2142/1843/292
f 2123/1617/292 2141/1844/292 2140/1846/292 2126/1794/292 2122/1616/292
f 2126/1794/292 2140/1846/292 2134/1791/292 2137/1792/292 2128/1793/292
f 2143/1845/292 2116/1628/292 2117/1629/292 2120/1630/292 2121/1631/292
f 2140/1847/1842 2141/1848/1842 2147/1849/1842 2145/1850/1842
f 2140/1846/292 2142/1843/292 2138/1783/292 2125/1784/292 2124/1785/292 2127/1786/292 2132/1787/292 2133/1788/292 2135/1789/292 2136/1790/292 2134/1791/292
f 2108/1623/292 2109/1624/292 2110/1625/292 2112/1626/292 2114/1627/292 2116/1628/292 2143/1845/292 2141/1844/292 2115/1620/292 2113/1621/292 2111/1622/292
f 2147/1844/292 2146/1845/292 2144/1843/292 2145/1846/292
f 2142/1827/13 2140/1833/13 2145/1851/13 2144/1852/13
f 2143/1848/1832 2142/1847/1832 2144/1850/1832 2146/1849/1832
f 2141/1833/1725 2143/1827/1725 2146/1852/1725 2147/1851/1725
